name,config,mean,std_dev,min,max
a_beige_house_with_red_roof_and_black_chimney__so_rounded_by_a_white_picket_fence,Basic,0.2680,0.0194,0.2119,0.3001
a_beige_house_with_red_roof_and_black_chimney__so_rounded_by_a_white_picket_fence,Basic,0.2622,0.0229,0.1649,0.3040
a_blue_chair_with_red_armrests,Basic,0.3462,0.0120,0.3130,0.3677
a_blue_chair_with_red_armrests,Basic,0.3221,0.0093,0.3020,0.3463
a_dark_gray_fountain_filled_with_water_and_a_golden_centerpiece,Basic,0.2621,0.0089,0.2407,0.2851
a_dark_gray_fountain_filled_with_water_and_a_golden_centerpiece,Basic,0.2667,0.0086,0.2412,0.2852
a_gray_elephant,Basic,0.2508,0.0311,0.1848,0.2920
a_gray_elephant,Basic,0.2703,0.0158,0.2147,0.2921
a_green_metallic_sniper_rifle_with_black_barrel,Basic,0.3180,0.0176,0.2675,0.3421
a_green_metallic_sniper_rifle_with_black_barrel,Basic,0.3087,0.0209,0.2477,0.3353
a_green_tree_on_a_green_field_with_grey_rocks_scatterd_around,Basic,0.3067,0.0064,0.2924,0.3184
a_green_tree_on_a_green_field_with_grey_rocks_scatterd_around,Basic,0.2495,0.0170,0.2085,0.2777
a_light_blue_sofa_with_orange_pillows,Basic,0.2980,0.0333,0.2392,0.3486
a_light_blue_sofa_with_orange_pillows,Basic,0.3157,0.0234,0.2557,0.3478
a_mat_green_bicycle_with_red_saddle_and_handles,Basic,0.2613,0.0142,0.2191,0.2959
a_mat_green_bicycle_with_red_saddle_and_handles,Basic,0.2669,0.0183,0.2087,0.3023
a_red_dragon_on_top_of_a_stone_wall_with_wooden_towers_on_the_side,Basic,0.3498,0.0263,0.2817,0.3897
a_red_dragon_on_top_of_a_stone_wall_with_wooden_towers_on_the_side,Basic,0.3378,0.0361,0.2525,0.3966
a_silver_spaceship_with_glowing_orange_thrusters,Basic,0.3106,0.0126,0.2778,0.3345
a_silver_spaceship_with_glowing_orange_thrusters,Basic,0.3081,0.0190,0.2675,0.3711
a_white_and_blue_cargo_truck_with_black_tires_and_a_red_cabin,Basic,0.3124,0.0150,0.2567,0.3400
a_white_and_blue_cargo_truck_with_black_tires_and_a_red_cabin,Basic,0.3048,0.0144,0.2439,0.3286
a_white_cat_with_black_spots,Basic,0.2751,0.0112,0.2497,0.2993
a_white_cat_with_black_spots,Basic,0.2547,0.0103,0.2098,0.2721
a_wooden_chair,Basic,0.3026,0.0086,0.2809,0.3153
a_wooden_chair,Basic,0.3026,0.0125,0.2761,0.3297
a_wooden_sailing_boat_with_a_white_broken_sail_and_blue_cabin,Basic,0.3147,0.0230,0.2389,0.3457
a_wooden_sailing_boat_with_a_white_broken_sail_and_blue_cabin,Basic,0.3007,0.0193,0.2301,0.3325
Waly_the_robot_with_a_orange_yellow_rusty_body_and_grey_tracks_head,Basic,0.3216,0.0090,0.2889,0.3389
Waly_the_robot_with_a_orange_yellow_rusty_body_and_grey_tracks_head,Basic,0.3045,0.0150,0.2604,0.3287
a_beige_house_with_red_roof_and_black_chimney__so_rounded_by_a_white_picket_fence,Basic_Chamfer,0.2615,0.0177,0.2159,0.2902
a_beige_house_with_red_roof_and_black_chimney__so_rounded_by_a_white_picket_fence,Basic_Chamfer,0.2487,0.0167,0.1974,0.2859
a_blue_chair_with_red_armrests,Basic_Chamfer,0.3491,0.0096,0.3168,0.3711
a_blue_chair_with_red_armrests,Basic_Chamfer,0.3197,0.0104,0.2802,0.3436
a_dark_gray_fountain_filled_with_water_and_a_golden_centerpiece,Basic_Chamfer,0.2669,0.0093,0.2477,0.2867
a_dark_gray_fountain_filled_with_water_and_a_golden_centerpiece,Basic_Chamfer,0.2430,0.0142,0.2128,0.2766
a_gray_elephant,Basic_Chamfer,0.2636,0.0282,0.2076,0.3053
a_gray_elephant,Basic_Chamfer,0.2647,0.0242,0.2095,0.3023
a_green_metallic_sniper_rifle_with_black_barrel,Basic_Chamfer,0.3127,0.0222,0.2464,0.3336
a_green_metallic_sniper_rifle_with_black_barrel,Basic_Chamfer,0.3123,0.0164,0.2638,0.3322
a_green_tree_on_a_green_field_with_grey_rocks_scatterd_around,Basic_Chamfer,0.3100,0.0058,0.2883,0.3220
a_green_tree_on_a_green_field_with_grey_rocks_scatterd_around,Basic_Chamfer,0.2543,0.0085,0.2333,0.2739
a_light_blue_sofa_with_orange_pillows,Basic_Chamfer,0.3023,0.0282,0.2289,0.3462
a_light_blue_sofa_with_orange_pillows,Basic_Chamfer,0.3112,0.0267,0.2472,0.3519
a_mat_green_bicycle_with_red_saddle_and_handles,Basic_Chamfer,0.2576,0.0156,0.2153,0.2927
a_mat_green_bicycle_with_red_saddle_and_handles,Basic_Chamfer,0.2600,0.0159,0.2065,0.2841
a_red_dragon_on_top_of_a_stone_wall_with_wooden_towers_on_the_side,Basic_Chamfer,0.3468,0.0254,0.2564,0.3828
a_red_dragon_on_top_of_a_stone_wall_with_wooden_towers_on_the_side,Basic_Chamfer,0.3059,0.0333,0.2182,0.3548
a_silver_spaceship_with_glowing_orange_thrusters,Basic_Chamfer,0.3041,0.0130,0.2654,0.3340
a_silver_spaceship_with_glowing_orange_thrusters,Basic_Chamfer,0.3108,0.0155,0.2764,0.3499
a_white_and_blue_cargo_truck_with_black_tires_and_a_red_cabin,Basic_Chamfer,0.3133,0.0148,0.2638,0.3432
a_white_and_blue_cargo_truck_with_black_tires_and_a_red_cabin,Basic_Chamfer,0.3029,0.0167,0.2472,0.3260
a_white_cat_with_black_spots,Basic_Chamfer,0.2780,0.0118,0.2516,0.2996
a_white_cat_with_black_spots,Basic_Chamfer,0.2656,0.0103,0.2299,0.2831
a_wooden_chair,Basic_Chamfer,0.2992,0.0077,0.2821,0.3153
a_wooden_chair,Basic_Chamfer,0.3058,0.0145,0.2629,0.3321
a_wooden_sailing_boat_with_a_white_broken_sail_and_blue_cabin,Basic_Chamfer,0.3100,0.0219,0.2261,0.3388
a_wooden_sailing_boat_with_a_white_broken_sail_and_blue_cabin,Basic_Chamfer,0.3040,0.0178,0.2441,0.3340
Waly_the_robot_with_a_orange_yellow_rusty_body_and_grey_tracks_head,Basic_Chamfer,0.3103,0.0174,0.2462,0.3359
Waly_the_robot_with_a_orange_yellow_rusty_body_and_grey_tracks_head,Basic_Chamfer,0.2939,0.0159,0.2475,0.3273
a_beige_house_with_red_roof_and_black_chimney__so_rounded_by_a_white_picket_fence,Basic_Chamfer_Prune,0.2419,0.0228,0.1905,0.2913
a_beige_house_with_red_roof_and_black_chimney__so_rounded_by_a_white_picket_fence,Basic_Chamfer_Prune,0.2060,0.0256,0.1399,0.2523
a_blue_chair_with_red_armrests,Basic_Chamfer_Prune,0.3458,0.0087,0.3281,0.3682
a_blue_chair_with_red_armrests,Basic_Chamfer_Prune,0.3224,0.0081,0.3052,0.3400
a_dark_gray_fountain_filled_with_water_and_a_golden_centerpiece,Basic_Chamfer_Prune,0.2617,0.0137,0.2241,0.2860
a_dark_gray_fountain_filled_with_water_and_a_golden_centerpiece,Basic_Chamfer_Prune,0.2630,0.0108,0.2333,0.2850
a_gray_elephant,Basic_Chamfer_Prune,0.2668,0.0204,0.2181,0.3071
a_gray_elephant,Basic_Chamfer_Prune,0.2631,0.0205,0.2220,0.2986
a_green_metallic_sniper_rifle_with_black_barrel,Basic_Chamfer_Prune,0.3167,0.0187,0.2602,0.3368
a_green_metallic_sniper_rifle_with_black_barrel,Basic_Chamfer_Prune,0.3175,0.0158,0.2670,0.3364
a_green_tree_on_a_green_field_with_grey_rocks_scatterd_around,Basic_Chamfer_Prune,0.3076,0.0059,0.2910,0.3197
a_green_tree_on_a_green_field_with_grey_rocks_scatterd_around,Basic_Chamfer_Prune,0.2523,0.0156,0.2212,0.2861
a_light_blue_sofa_with_orange_pillows,Basic_Chamfer_Prune,0.2854,0.0441,0.2178,0.3551
a_light_blue_sofa_with_orange_pillows,Basic_Chamfer_Prune,0.3017,0.0263,0.2525,0.3400
a_mat_green_bicycle_with_red_saddle_and_handles,Basic_Chamfer_Prune,0.2619,0.0132,0.2351,0.2873
a_mat_green_bicycle_with_red_saddle_and_handles,Basic_Chamfer_Prune,0.2760,0.0147,0.2213,0.3012
a_red_dragon_on_top_of_a_stone_wall_with_wooden_towers_on_the_side,Basic_Chamfer_Prune,0.3372,0.0292,0.2587,0.3823
a_red_dragon_on_top_of_a_stone_wall_with_wooden_towers_on_the_side,Basic_Chamfer_Prune,0.3066,0.0233,0.2372,0.3503
a_silver_spaceship_with_glowing_orange_thrusters,Basic_Chamfer_Prune,0.2877,0.0138,0.2493,0.3153
a_silver_spaceship_with_glowing_orange_thrusters,Basic_Chamfer_Prune,0.3071,0.0170,0.2655,0.3428
a_white_and_blue_cargo_truck_with_black_tires_and_a_red_cabin,Basic_Chamfer_Prune,0.3135,0.0140,0.2476,0.3390
a_white_and_blue_cargo_truck_with_black_tires_and_a_red_cabin,Basic_Chamfer_Prune,0.2994,0.0135,0.2629,0.3276
a_white_cat_with_black_spots,Basic_Chamfer_Prune,0.2792,0.0115,0.2451,0.2993
a_white_cat_with_black_spots,Basic_Chamfer_Prune,0.2663,0.0158,0.2119,0.2951
a_wooden_chair,Basic_Chamfer_Prune,0.2991,0.0121,0.2629,0.3182
a_wooden_chair,Basic_Chamfer_Prune,0.3114,0.0097,0.2945,0.3411
a_wooden_sailing_boat_with_a_white_broken_sail_and_blue_cabin,Basic_Chamfer_Prune,0.3034,0.0184,0.2102,0.3293
a_wooden_sailing_boat_with_a_white_broken_sail_and_blue_cabin,Basic_Chamfer_Prune,0.3023,0.0164,0.2585,0.3275
Waly_the_robot_with_a_orange_yellow_rusty_body_and_grey_tracks_head,Basic_Chamfer_Prune,0.3115,0.0105,0.2776,0.3318
Waly_the_robot_with_a_orange_yellow_rusty_body_and_grey_tracks_head,Basic_Chamfer_Prune,0.3053,0.0104,0.2792,0.3323
a_beige_house_with_red_roof_and_black_chimney__so_rounded_by_a_white_picket_fence,Basic_Prune,0.2359,0.0322,0.1474,0.2983
a_beige_house_with_red_roof_and_black_chimney__so_rounded_by_a_white_picket_fence,Basic_Prune,0.1967,0.0250,0.1377,0.2446
a_blue_chair_with_red_armrests,Basic_Prune,0.3421,0.0133,0.2973,0.3616
a_blue_chair_with_red_armrests,Basic_Prune,0.3217,0.0122,0.2768,0.3483
a_dark_gray_fountain_filled_with_water_and_a_golden_centerpiece,Basic_Prune,0.2569,0.0123,0.2311,0.2870
a_dark_gray_fountain_filled_with_water_and_a_golden_centerpiece,Basic_Prune,0.2667,0.0174,0.2283,0.3004
a_gray_elephant,Basic_Prune,0.2648,0.0278,0.2116,0.3083
a_gray_elephant,Basic_Prune,0.2583,0.0242,0.2069,0.2936
a_green_metallic_sniper_rifle_with_black_barrel,Basic_Prune,0.3191,0.0173,0.2520,0.3397
a_green_metallic_sniper_rifle_with_black_barrel,Basic_Prune,0.3186,0.0151,0.2669,0.3379
a_green_tree_on_a_green_field_with_grey_rocks_scatterd_around,Basic_Prune,0.3094,0.0054,0.2935,0.3207
a_green_tree_on_a_green_field_with_grey_rocks_scatterd_around,Basic_Prune,0.2600,0.0166,0.2213,0.2873
a_light_blue_sofa_with_orange_pillows,Basic_Prune,0.2855,0.0457,0.2151,0.3551
a_light_blue_sofa_with_orange_pillows,Basic_Prune,0.2993,0.0239,0.2472,0.3351
a_mat_green_bicycle_with_red_saddle_and_handles,Basic_Prune,0.2673,0.0177,0.2297,0.3026
a_mat_green_bicycle_with_red_saddle_and_handles,Basic_Prune,0.2722,0.0134,0.2370,0.3081
a_red_dragon_on_top_of_a_stone_wall_with_wooden_towers_on_the_side,Basic_Prune,0.3363,0.0273,0.2578,0.3715
a_red_dragon_on_top_of_a_stone_wall_with_wooden_towers_on_the_side,Basic_Prune,0.2629,0.0324,0.2064,0.3299
a_silver_spaceship_with_glowing_orange_thrusters,Basic_Prune,0.2947,0.0124,0.2653,0.3241
a_silver_spaceship_with_glowing_orange_thrusters,Basic_Prune,0.3090,0.0121,0.2782,0.3342
a_white_and_blue_cargo_truck_with_black_tires_and_a_red_cabin,Basic_Prune,0.3140,0.0204,0.2240,0.3466
a_white_and_blue_cargo_truck_with_black_tires_and_a_red_cabin,Basic_Prune,0.2984,0.0135,0.2473,0.3234
a_white_cat_with_black_spots,Basic_Prune,0.2865,0.0107,0.2533,0.3101
a_white_cat_with_black_spots,Basic_Prune,0.2625,0.0172,0.2065,0.2930
a_wooden_chair,Basic_Prune,0.2988,0.0065,0.2793,0.3124
a_wooden_chair,Basic_Prune,0.3135,0.0108,0.2929,0.3367
a_wooden_sailing_boat_with_a_white_broken_sail_and_blue_cabin,Basic_Prune,0.2975,0.0202,0.2373,0.3292
a_wooden_sailing_boat_with_a_white_broken_sail_and_blue_cabin,Basic_Prune,0.2928,0.0219,0.2165,0.3232
Waly_the_robot_with_a_orange_yellow_rusty_body_and_grey_tracks_head,Basic_Prune,0.3184,0.0108,0.2914,0.3371
Waly_the_robot_with_a_orange_yellow_rusty_body_and_grey_tracks_head,Basic_Prune,0.3069,0.0105,0.2864,0.3337
a_beige_house_with_red_roof_and_black_chimney__so_rounded_by_a_white_picket_fence,LR_Basic_Chamfer_Prune,0.2488,0.0252,0.1840,0.3097
a_beige_house_with_red_roof_and_black_chimney__so_rounded_by_a_white_picket_fence,LR_Basic_Chamfer_Prune,0.2099,0.0233,0.1597,0.2578
a_blue_chair_with_red_armrests,LR_Basic_Chamfer_Prune,0.3417,0.0095,0.3042,0.3554
a_blue_chair_with_red_armrests,LR_Basic_Chamfer_Prune,0.3243,0.0112,0.2800,0.3426
a_dark_gray_fountain_filled_with_water_and_a_golden_centerpiece,LR_Basic_Chamfer_Prune,0.2706,0.0081,0.2521,0.2904
a_dark_gray_fountain_filled_with_water_and_a_golden_centerpiece,LR_Basic_Chamfer_Prune,0.2740,0.0069,0.2590,0.2909
a_gray_elephant,LR_Basic_Chamfer_Prune,0.2569,0.0199,0.2159,0.2926
a_gray_elephant,LR_Basic_Chamfer_Prune,0.2604,0.0191,0.1930,0.2908
a_green_metallic_sniper_rifle_with_black_barrel,LR_Basic_Chamfer_Prune,0.3214,0.0249,0.2508,0.3452
a_green_metallic_sniper_rifle_with_black_barrel,LR_Basic_Chamfer_Prune,0.3176,0.0184,0.2623,0.3403
a_green_tree_on_a_green_field_with_grey_rocks_scatterd_around,LR_Basic_Chamfer_Prune,0.3062,0.0051,0.2947,0.3172
a_green_tree_on_a_green_field_with_grey_rocks_scatterd_around,LR_Basic_Chamfer_Prune,0.2542,0.0180,0.2174,0.2921
a_light_blue_sofa_with_orange_pillows,LR_Basic_Chamfer_Prune,0.2904,0.0444,0.2284,0.3585
a_light_blue_sofa_with_orange_pillows,LR_Basic_Chamfer_Prune,0.3226,0.0248,0.2486,0.3572
a_mat_green_bicycle_with_red_saddle_and_handles,LR_Basic_Chamfer_Prune,0.2976,0.0142,0.2628,0.3232
a_mat_green_bicycle_with_red_saddle_and_handles,LR_Basic_Chamfer_Prune,0.2956,0.0165,0.2593,0.3304
a_red_dragon_on_top_of_a_stone_wall_with_wooden_towers_on_the_side,LR_Basic_Chamfer_Prune,0.3225,0.0255,0.2516,0.3608
a_red_dragon_on_top_of_a_stone_wall_with_wooden_towers_on_the_side,LR_Basic_Chamfer_Prune,0.2598,0.0367,0.1905,0.3291
a_silver_spaceship_with_glowing_orange_thrusters,LR_Basic_Chamfer_Prune,0.2935,0.0135,0.2569,0.3284
a_silver_spaceship_with_glowing_orange_thrusters,LR_Basic_Chamfer_Prune,0.3229,0.0105,0.2968,0.3478
a_white_and_blue_cargo_truck_with_black_tires_and_a_red_cabin,LR_Basic_Chamfer_Prune,0.3315,0.0162,0.2738,0.3556
a_white_and_blue_cargo_truck_with_black_tires_and_a_red_cabin,LR_Basic_Chamfer_Prune,0.3097,0.0174,0.2455,0.3334
a_white_cat_with_black_spots,LR_Basic_Chamfer_Prune,0.2874,0.0133,0.2497,0.3082
a_white_cat_with_black_spots,LR_Basic_Chamfer_Prune,0.2509,0.0113,0.2237,0.2765
a_wooden_chair,LR_Basic_Chamfer_Prune,0.3036,0.0078,0.2790,0.3210
a_wooden_chair,LR_Basic_Chamfer_Prune,0.3072,0.0093,0.2737,0.3218
a_wooden_sailing_boat_with_a_white_broken_sail_and_blue_cabin,LR_Basic_Chamfer_Prune,0.3064,0.0204,0.2333,0.3301
a_wooden_sailing_boat_with_a_white_broken_sail_and_blue_cabin,LR_Basic_Chamfer_Prune,0.3050,0.0162,0.2546,0.3319
Waly_the_robot_with_a_orange_yellow_rusty_body_and_grey_tracks_head,LR_Basic_Chamfer_Prune,0.3338,0.0106,0.3073,0.3523
Waly_the_robot_with_a_orange_yellow_rusty_body_and_grey_tracks_head,LR_Basic_Chamfer_Prune,0.2972,0.0144,0.2576,0.3251
a_beige_house_with_red_roof_and_black_chimney__so_rounded_by_a_white_picket_fence,LR_Basic_pen_Prune,0.2469,0.0232,0.1875,0.2861
a_beige_house_with_red_roof_and_black_chimney__so_rounded_by_a_white_picket_fence,LR_Basic_pen_Prune,0.1918,0.0213,0.1326,0.2402
a_blue_chair_with_red_armrests,LR_Basic_pen_Prune,0.3416,0.0105,0.2990,0.3544
a_blue_chair_with_red_armrests,LR_Basic_pen_Prune,0.3262,0.0111,0.2777,0.3457
a_dark_gray_fountain_filled_with_water_and_a_golden_centerpiece,LR_Basic_pen_Prune,0.2780,0.0113,0.2448,0.2997
a_dark_gray_fountain_filled_with_water_and_a_golden_centerpiece,LR_Basic_pen_Prune,0.2618,0.0111,0.2345,0.2838
a_gray_elephant,LR_Basic_pen_Prune,0.2674,0.0214,0.2079,0.3033
a_gray_elephant,LR_Basic_pen_Prune,0.2734,0.0175,0.2325,0.3119
a_green_metallic_sniper_rifle_with_black_barrel,LR_Basic_pen_Prune,0.3201,0.0210,0.2615,0.3427
a_green_metallic_sniper_rifle_with_black_barrel,LR_Basic_pen_Prune,0.3194,0.0207,0.2463,0.3429
a_green_tree_on_a_green_field_with_grey_rocks_scatterd_around,LR_Basic_pen_Prune,0.2961,0.0058,0.2797,0.3111
a_green_tree_on_a_green_field_with_grey_rocks_scatterd_around,LR_Basic_pen_Prune,0.2612,0.0140,0.2212,0.2864
a_light_blue_sofa_with_orange_pillows,LR_Basic_pen_Prune,0.2929,0.0437,0.2279,0.3597
a_light_blue_sofa_with_orange_pillows,LR_Basic_pen_Prune,0.3181,0.0249,0.2546,0.3624
a_mat_green_bicycle_with_red_saddle_and_handles,LR_Basic_pen_Prune,0.2930,0.0141,0.2593,0.3163
a_mat_green_bicycle_with_red_saddle_and_handles,LR_Basic_pen_Prune,0.2969,0.0198,0.2178,0.3389
a_red_dragon_on_top_of_a_stone_wall_with_wooden_towers_on_the_side,LR_Basic_pen_Prune,0.3164,0.0308,0.2425,0.3620
a_red_dragon_on_top_of_a_stone_wall_with_wooden_towers_on_the_side,LR_Basic_pen_Prune,0.2510,0.0218,0.1889,0.3015
a_silver_spaceship_with_glowing_orange_thrusters,LR_Basic_pen_Prune,0.2896,0.0160,0.2400,0.3291
a_silver_spaceship_with_glowing_orange_thrusters,LR_Basic_pen_Prune,0.3062,0.0136,0.2822,0.3385
a_white_and_blue_cargo_truck_with_black_tires_and_a_red_cabin,LR_Basic_pen_Prune,0.3245,0.0149,0.2766,0.3480
a_white_and_blue_cargo_truck_with_black_tires_and_a_red_cabin,LR_Basic_pen_Prune,0.3103,0.0122,0.2696,0.3379
a_white_cat_with_black_spots,LR_Basic_pen_Prune,0.2844,0.0124,0.2497,0.3099
a_white_cat_with_black_spots,LR_Basic_pen_Prune,0.2559,0.0132,0.2258,0.2869
a_wooden_chair,LR_Basic_pen_Prune,0.3020,0.0081,0.2849,0.3165
a_wooden_chair,LR_Basic_pen_Prune,0.3063,0.0084,0.2801,0.3274
a_wooden_sailing_boat_with_a_white_broken_sail_and_blue_cabin,LR_Basic_pen_Prune,0.3092,0.0155,0.2525,0.3278
a_wooden_sailing_boat_with_a_white_broken_sail_and_blue_cabin,LR_Basic_pen_Prune,0.3028,0.0184,0.2228,0.3299
Waly_the_robot_with_a_orange_yellow_rusty_body_and_grey_tracks_head,LR_Basic_pen_Prune,0.3331,0.0087,0.3087,0.3510
Waly_the_robot_with_a_orange_yellow_rusty_body_and_grey_tracks_head,LR_Basic_pen_Prune,0.2967,0.0173,0.2359,0.3239
a_beige_house_with_red_roof_and_black_chimney__so_rounded_by_a_white_picket_fence,LR_Basic_Prune,0.2497,0.0243,0.1871,0.3001
a_beige_house_with_red_roof_and_black_chimney__so_rounded_by_a_white_picket_fence,LR_Basic_Prune,0.1823,0.0288,0.0908,0.2350
a_blue_chair_with_red_armrests,LR_Basic_Prune,0.3412,0.0143,0.2917,0.3584
a_blue_chair_with_red_armrests,LR_Basic_Prune,0.3165,0.0120,0.2748,0.3445
a_dark_gray_fountain_filled_with_water_and_a_golden_centerpiece,LR_Basic_Prune,0.2657,0.0097,0.2351,0.2853
a_dark_gray_fountain_filled_with_water_and_a_golden_centerpiece,LR_Basic_Prune,0.2792,0.0097,0.2581,0.3056
a_gray_elephant,LR_Basic_Prune,0.2509,0.0209,0.2045,0.2896
a_gray_elephant,LR_Basic_Prune,0.2691,0.0197,0.2089,0.3039
a_green_metallic_sniper_rifle_with_black_barrel,LR_Basic_Prune,0.3219,0.0245,0.2576,0.3502
a_green_metallic_sniper_rifle_with_black_barrel,LR_Basic_Prune,0.3200,0.0162,0.2687,0.3395
a_green_tree_on_a_green_field_with_grey_rocks_scatterd_around,LR_Basic_Prune,0.3075,0.0055,0.2908,0.3198
a_green_tree_on_a_green_field_with_grey_rocks_scatterd_around,LR_Basic_Prune,0.2519,0.0198,0.2170,0.2934
a_light_blue_sofa_with_orange_pillows,LR_Basic_Prune,0.2948,0.0456,0.2261,0.3617
a_light_blue_sofa_with_orange_pillows,LR_Basic_Prune,0.3254,0.0240,0.2604,0.3611
a_mat_green_bicycle_with_red_saddle_and_handles,LR_Basic_Prune,0.2968,0.0137,0.2705,0.3288
a_mat_green_bicycle_with_red_saddle_and_handles,LR_Basic_Prune,0.2991,0.0139,0.2685,0.3339
a_red_dragon_on_top_of_a_stone_wall_with_wooden_towers_on_the_side,LR_Basic_Prune,0.3258,0.0332,0.2365,0.3699
a_red_dragon_on_top_of_a_stone_wall_with_wooden_towers_on_the_side,LR_Basic_Prune,0.2584,0.0242,0.1938,0.3013
a_silver_spaceship_with_glowing_orange_thrusters,LR_Basic_Prune,0.2883,0.0136,0.2488,0.3161
a_silver_spaceship_with_glowing_orange_thrusters,LR_Basic_Prune,0.3206,0.0141,0.2941,0.3524
a_white_and_blue_cargo_truck_with_black_tires_and_a_red_cabin,LR_Basic_Prune,0.3269,0.0238,0.2384,0.3552
a_white_and_blue_cargo_truck_with_black_tires_and_a_red_cabin,LR_Basic_Prune,0.3041,0.0137,0.2491,0.3281
a_white_cat_with_black_spots,LR_Basic_Prune,0.2887,0.0146,0.2529,0.3146
a_white_cat_with_black_spots,LR_Basic_Prune,0.2581,0.0154,0.2194,0.2961
a_wooden_chair,LR_Basic_Prune,0.2983,0.0079,0.2737,0.3150
a_wooden_chair,LR_Basic_Prune,0.2963,0.0126,0.2478,0.3208
a_wooden_sailing_boat_with_a_white_broken_sail_and_blue_cabin,LR_Basic_Prune,0.3138,0.0168,0.2668,0.3387
a_wooden_sailing_boat_with_a_white_broken_sail_and_blue_cabin,LR_Basic_Prune,0.3110,0.0178,0.2288,0.3368
Waly_the_robot_with_a_orange_yellow_rusty_body_and_grey_tracks_head,LR_Basic_Prune,0.3362,0.0109,0.3046,0.3564
Waly_the_robot_with_a_orange_yellow_rusty_body_and_grey_tracks_head,LR_Basic_Prune,0.2979,0.0132,0.2711,0.3262
a_beige_house_with_red_roof_and_black_chimney__so_rounded_by_a_white_picket_fence,LR_Basic_sds_Prune,0.2467,0.0232,0.2037,0.2884
a_beige_house_with_red_roof_and_black_chimney__so_rounded_by_a_white_picket_fence,LR_Basic_sds_Prune,0.1921,0.0205,0.1446,0.2312
a_blue_chair_with_red_armrests,LR_Basic_sds_Prune,0.3464,0.0099,0.3006,0.3618
a_blue_chair_with_red_armrests,LR_Basic_sds_Prune,0.3243,0.0104,0.2861,0.3425
a_dark_gray_fountain_filled_with_water_and_a_golden_centerpiece,LR_Basic_sds_Prune,0.2726,0.0130,0.2458,0.3017
a_dark_gray_fountain_filled_with_water_and_a_golden_centerpiece,LR_Basic_sds_Prune,0.2763,0.0084,0.2586,0.2968
a_gray_elephant,LR_Basic_sds_Prune,0.2670,0.0194,0.2150,0.3012
a_gray_elephant,LR_Basic_sds_Prune,0.2702,0.0187,0.2034,0.3016
a_green_metallic_sniper_rifle_with_black_barrel,LR_Basic_sds_Prune,0.3228,0.0211,0.2597,0.3497
a_green_metallic_sniper_rifle_with_black_barrel,LR_Basic_sds_Prune,0.3219,0.0156,0.2603,0.3421
a_green_tree_on_a_green_field_with_grey_rocks_scatterd_around,LR_Basic_sds_Prune,0.3055,0.0050,0.2941,0.3182
a_green_tree_on_a_green_field_with_grey_rocks_scatterd_around,LR_Basic_sds_Prune,0.2551,0.0174,0.2207,0.2894
a_light_blue_sofa_with_orange_pillows,LR_Basic_sds_Prune,0.2898,0.0467,0.2212,0.3586
a_light_blue_sofa_with_orange_pillows,LR_Basic_sds_Prune,0.3285,0.0209,0.2677,0.3610
a_mat_green_bicycle_with_red_saddle_and_handles,LR_Basic_sds_Prune,0.2993,0.0153,0.2622,0.3298
a_mat_green_bicycle_with_red_saddle_and_handles,LR_Basic_sds_Prune,0.2940,0.0178,0.2399,0.3329
a_red_dragon_on_top_of_a_stone_wall_with_wooden_towers_on_the_side,LR_Basic_sds_Prune,0.3320,0.0210,0.2759,0.3612
a_red_dragon_on_top_of_a_stone_wall_with_wooden_towers_on_the_side,LR_Basic_sds_Prune,0.2386,0.0282,0.1839,0.3132
a_silver_spaceship_with_glowing_orange_thrusters,LR_Basic_sds_Prune,0.2955,0.0160,0.2621,0.3343
a_silver_spaceship_with_glowing_orange_thrusters,LR_Basic_sds_Prune,0.3182,0.0153,0.2888,0.3556
a_white_and_blue_cargo_truck_with_black_tires_and_a_red_cabin,LR_Basic_sds_Prune,0.3257,0.0172,0.2552,0.3470
a_white_and_blue_cargo_truck_with_black_tires_and_a_red_cabin,LR_Basic_sds_Prune,0.3078,0.0160,0.2533,0.3284
a_white_cat_with_black_spots,LR_Basic_sds_Prune,0.2828,0.0134,0.2333,0.3023
a_white_cat_with_black_spots,LR_Basic_sds_Prune,0.2532,0.0137,0.1964,0.2804
a_wooden_chair,LR_Basic_sds_Prune,0.3052,0.0079,0.2855,0.3236
a_wooden_chair,LR_Basic_sds_Prune,0.2959,0.0243,0.2289,0.3283
a_wooden_sailing_boat_with_a_white_broken_sail_and_blue_cabin,LR_Basic_sds_Prune,0.3107,0.0177,0.2602,0.3323
a_wooden_sailing_boat_with_a_white_broken_sail_and_blue_cabin,LR_Basic_sds_Prune,0.3038,0.0179,0.2511,0.3275
Waly_the_robot_with_a_orange_yellow_rusty_body_and_grey_tracks_head,LR_Basic_sds_Prune,0.3268,0.0145,0.2816,0.3497
Waly_the_robot_with_a_orange_yellow_rusty_body_and_grey_tracks_head,LR_Basic_sds_Prune,0.2943,0.0296,0.2155,0.3274
a_beige_house_with_red_roof_and_black_chimney__so_rounded_by_a_white_picket_fence,LR_Basic_Sil_Prune,0.2512,0.0236,0.1905,0.3009
a_beige_house_with_red_roof_and_black_chimney__so_rounded_by_a_white_picket_fence,LR_Basic_Sil_Prune,0.1961,0.0222,0.1435,0.2456
a_blue_chair_with_red_armrests,LR_Basic_Sil_Prune,0.3432,0.0097,0.2931,0.3541
a_blue_chair_with_red_armrests,LR_Basic_Sil_Prune,0.3248,0.0113,0.2684,0.3483
a_dark_gray_fountain_filled_with_water_and_a_golden_centerpiece,LR_Basic_Sil_Prune,0.2686,0.0081,0.2495,0.2904
a_dark_gray_fountain_filled_with_water_and_a_golden_centerpiece,LR_Basic_Sil_Prune,0.2621,0.0115,0.2349,0.2841
a_gray_elephant,LR_Basic_Sil_Prune,0.2503,0.0166,0.2134,0.2880
a_gray_elephant,LR_Basic_Sil_Prune,0.2663,0.0183,0.2031,0.2936
a_green_metallic_sniper_rifle_with_black_barrel,LR_Basic_Sil_Prune,0.3226,0.0200,0.2596,0.3467
a_green_metallic_sniper_rifle_with_black_barrel,LR_Basic_Sil_Prune,0.3212,0.0171,0.2675,0.3436
a_green_tree_on_a_green_field_with_grey_rocks_scatterd_around,LR_Basic_Sil_Prune,0.3072,0.0059,0.2874,0.3200
a_green_tree_on_a_green_field_with_grey_rocks_scatterd_around,LR_Basic_Sil_Prune,0.2557,0.0184,0.1958,0.2857
a_light_blue_sofa_with_orange_pillows,LR_Basic_Sil_Prune,0.2986,0.0440,0.2369,0.3610
a_light_blue_sofa_with_orange_pillows,LR_Basic_Sil_Prune,0.3217,0.0229,0.2642,0.3583
a_mat_green_bicycle_with_red_saddle_and_handles,LR_Basic_Sil_Prune,0.2942,0.0139,0.2610,0.3260
a_mat_green_bicycle_with_red_saddle_and_handles,LR_Basic_Sil_Prune,0.2971,0.0154,0.2703,0.3361
a_red_dragon_on_top_of_a_stone_wall_with_wooden_towers_on_the_side,LR_Basic_Sil_Prune,0.3139,0.0418,0.2278,0.3674
a_red_dragon_on_top_of_a_stone_wall_with_wooden_towers_on_the_side,LR_Basic_Sil_Prune,0.2650,0.0242,0.1971,0.3266
a_silver_spaceship_with_glowing_orange_thrusters,LR_Basic_Sil_Prune,0.2924,0.0152,0.2497,0.3317
a_silver_spaceship_with_glowing_orange_thrusters,LR_Basic_Sil_Prune,0.3194,0.0127,0.2770,0.3466
a_white_and_blue_cargo_truck_with_black_tires_and_a_red_cabin,LR_Basic_Sil_Prune,0.3247,0.0171,0.2637,0.3551
a_white_and_blue_cargo_truck_with_black_tires_and_a_red_cabin,LR_Basic_Sil_Prune,0.3094,0.0141,0.2651,0.3426
a_white_cat_with_black_spots,LR_Basic_Sil_Prune,0.2836,0.0127,0.2472,0.3027
a_white_cat_with_black_spots,LR_Basic_Sil_Prune,0.2572,0.0149,0.2181,0.2909
a_wooden_chair,LR_Basic_Sil_Prune,0.3009,0.0163,0.2607,0.3250
a_wooden_chair,LR_Basic_Sil_Prune,0.3014,0.0145,0.2483,0.3236
a_wooden_sailing_boat_with_a_white_broken_sail_and_blue_cabin,LR_Basic_Sil_Prune,0.3128,0.0197,0.2519,0.3397
a_wooden_sailing_boat_with_a_white_broken_sail_and_blue_cabin,LR_Basic_Sil_Prune,0.3073,0.0169,0.2550,0.3406
Waly_the_robot_with_a_orange_yellow_rusty_body_and_grey_tracks_head,LR_Basic_Sil_Prune,0.3332,0.0103,0.3095,0.3545
Waly_the_robot_with_a_orange_yellow_rusty_body_and_grey_tracks_head,LR_Basic_Sil_Prune,0.3086,0.0144,0.2496,0.3384
a_beige_house_with_red_roof_and_black_chimney__so_rounded_by_a_white_picket_fence,Mask_pen_Prune,0.2439,0.0255,0.1928,0.2865
a_beige_house_with_red_roof_and_black_chimney__so_rounded_by_a_white_picket_fence,Mask_pen_Prune,0.2185,0.0308,0.1100,0.2707
a_blue_chair_with_red_armrests,Mask_pen_Prune,0.3404,0.0093,0.3070,0.3566
a_blue_chair_with_red_armrests,Mask_pen_Prune,0.3232,0.0100,0.2827,0.3432
a_dark_gray_fountain_filled_with_water_and_a_golden_centerpiece,Mask_pen_Prune,0.2675,0.0159,0.2297,0.2954
a_dark_gray_fountain_filled_with_water_and_a_golden_centerpiece,Mask_pen_Prune,0.2736,0.0143,0.2448,0.3139
a_gray_elephant,Mask_pen_Prune,0.2640,0.0230,0.1880,0.3093
a_gray_elephant,Mask_pen_Prune,0.2681,0.0195,0.2198,0.3001
a_green_metallic_sniper_rifle_with_black_barrel,Mask_pen_Prune,0.3255,0.0171,0.2551,0.3454
a_green_metallic_sniper_rifle_with_black_barrel,Mask_pen_Prune,0.3167,0.0186,0.2575,0.3374
a_green_tree_on_a_green_field_with_grey_rocks_scatterd_around,Mask_pen_Prune,0.3072,0.0054,0.2865,0.3180
a_green_tree_on_a_green_field_with_grey_rocks_scatterd_around,Mask_pen_Prune,0.2536,0.0153,0.2161,0.2805
a_light_blue_sofa_with_orange_pillows,Mask_pen_Prune,0.2912,0.0454,0.2139,0.3539
a_light_blue_sofa_with_orange_pillows,Mask_pen_Prune,0.3078,0.0258,0.2566,0.3505
a_mat_green_bicycle_with_red_saddle_and_handles,Mask_pen_Prune,0.2736,0.0132,0.2478,0.3063
a_mat_green_bicycle_with_red_saddle_and_handles,Mask_pen_Prune,0.2867,0.0145,0.2439,0.3149
a_red_dragon_on_top_of_a_stone_wall_with_wooden_towers_on_the_side,Mask_pen_Prune,0.3254,0.0451,0.2432,0.3853
a_red_dragon_on_top_of_a_stone_wall_with_wooden_towers_on_the_side,Mask_pen_Prune,0.3238,0.0314,0.2383,0.3723
a_silver_spaceship_with_glowing_orange_thrusters,Mask_pen_Prune,0.2907,0.0152,0.2652,0.3307
a_silver_spaceship_with_glowing_orange_thrusters,Mask_pen_Prune,0.3246,0.0133,0.2901,0.3514
a_white_and_blue_cargo_truck_with_black_tires_and_a_red_cabin,Mask_pen_Prune,0.3158,0.0122,0.2666,0.3376
a_white_and_blue_cargo_truck_with_black_tires_and_a_red_cabin,Mask_pen_Prune,0.3043,0.0132,0.2613,0.3297
a_white_cat_with_black_spots,Mask_pen_Prune,0.2743,0.0105,0.2494,0.2946
a_white_cat_with_black_spots,Mask_pen_Prune,0.2570,0.0126,0.2183,0.2794
a_wooden_chair,Mask_pen_Prune,0.2991,0.0076,0.2826,0.3151
a_wooden_chair,Mask_pen_Prune,0.2998,0.0189,0.2468,0.3294
a_wooden_sailing_boat_with_a_white_broken_sail_and_blue_cabin,Mask_pen_Prune,0.3089,0.0203,0.2159,0.3347
a_wooden_sailing_boat_with_a_white_broken_sail_and_blue_cabin,Mask_pen_Prune,0.2951,0.0192,0.2432,0.3224
Waly_the_robot_with_a_orange_yellow_rusty_body_and_grey_tracks_head,Mask_pen_Prune,0.3183,0.0111,0.2871,0.3377
Waly_the_robot_with_a_orange_yellow_rusty_body_and_grey_tracks_head,Mask_pen_Prune,0.3063,0.0108,0.2680,0.3271
a_beige_house_with_red_roof_and_black_chimney__so_rounded_by_a_white_picket_fence,Mask_sds_Prune,0.2421,0.0246,0.1899,0.2872
a_beige_house_with_red_roof_and_black_chimney__so_rounded_by_a_white_picket_fence,Mask_sds_Prune,0.2168,0.0281,0.1584,0.2785
a_blue_chair_with_red_armrests,Mask_sds_Prune,0.3440,0.0093,0.3200,0.3616
a_blue_chair_with_red_armrests,Mask_sds_Prune,0.3175,0.0101,0.2773,0.3352
a_dark_gray_fountain_filled_with_water_and_a_golden_centerpiece,Mask_sds_Prune,0.2636,0.0094,0.2442,0.2837
a_dark_gray_fountain_filled_with_water_and_a_golden_centerpiece,Mask_sds_Prune,0.2705,0.0111,0.2446,0.3009
a_gray_elephant,Mask_sds_Prune,0.2675,0.0240,0.2091,0.3057
a_gray_elephant,Mask_sds_Prune,0.2813,0.0184,0.2307,0.3076
a_green_metallic_sniper_rifle_with_black_barrel,Mask_sds_Prune,0.3224,0.0197,0.2579,0.3459
a_green_metallic_sniper_rifle_with_black_barrel,Mask_sds_Prune,0.3178,0.0175,0.2584,0.3400
a_green_tree_on_a_green_field_with_grey_rocks_scatterd_around,Mask_sds_Prune,0.3053,0.0064,0.2906,0.3195
a_green_tree_on_a_green_field_with_grey_rocks_scatterd_around,Mask_sds_Prune,0.2546,0.0188,0.2115,0.2897
a_light_blue_sofa_with_orange_pillows,Mask_sds_Prune,0.2923,0.0439,0.2310,0.3640
a_light_blue_sofa_with_orange_pillows,Mask_sds_Prune,0.3065,0.0273,0.2442,0.3470
a_mat_green_bicycle_with_red_saddle_and_handles,Mask_sds_Prune,0.2730,0.0145,0.2359,0.3099
a_mat_green_bicycle_with_red_saddle_and_handles,Mask_sds_Prune,0.2866,0.0161,0.2326,0.3119
a_red_dragon_on_top_of_a_stone_wall_with_wooden_towers_on_the_side,Mask_sds_Prune,0.3398,0.0196,0.2905,0.3736
a_red_dragon_on_top_of_a_stone_wall_with_wooden_towers_on_the_side,Mask_sds_Prune,0.3231,0.0312,0.2474,0.3885
a_silver_spaceship_with_glowing_orange_thrusters,Mask_sds_Prune,0.3070,0.0140,0.2791,0.3376
a_silver_spaceship_with_glowing_orange_thrusters,Mask_sds_Prune,0.3160,0.0160,0.2796,0.3491
a_white_and_blue_cargo_truck_with_black_tires_and_a_red_cabin,Mask_sds_Prune,0.3150,0.0141,0.2499,0.3415
a_white_and_blue_cargo_truck_with_black_tires_and_a_red_cabin,Mask_sds_Prune,0.2975,0.0136,0.2288,0.3259
a_white_cat_with_black_spots,Mask_sds_Prune,0.2875,0.0121,0.2532,0.3098
a_white_cat_with_black_spots,Mask_sds_Prune,0.2557,0.0124,0.2295,0.2811
a_wooden_chair,Mask_sds_Prune,0.2965,0.0104,0.2650,0.3142
a_wooden_chair,Mask_sds_Prune,0.3106,0.0082,0.2926,0.3332
a_wooden_sailing_boat_with_a_white_broken_sail_and_blue_cabin,Mask_sds_Prune,0.3117,0.0137,0.2477,0.3337
a_wooden_sailing_boat_with_a_white_broken_sail_and_blue_cabin,Mask_sds_Prune,0.3041,0.0196,0.2531,0.3344
Waly_the_robot_with_a_orange_yellow_rusty_body_and_grey_tracks_head,Mask_sds_Prune,0.3208,0.0127,0.2874,0.3478
Waly_the_robot_with_a_orange_yellow_rusty_body_and_grey_tracks_head,Mask_sds_Prune,0.2914,0.0213,0.2400,0.3294
a_beige_house_with_red_roof_and_black_chimney__so_rounded_by_a_white_picket_fence,Mask_Sil,0.2867,0.0129,0.2414,0.3109
a_beige_house_with_red_roof_and_black_chimney__so_rounded_by_a_white_picket_fence,Mask_Sil,0.2736,0.0127,0.2399,0.3033
a_blue_chair_with_red_armrests,Mask_Sil,0.3399,0.0079,0.3177,0.3569
a_blue_chair_with_red_armrests,Mask_Sil,0.3267,0.0130,0.2564,0.3498
a_dark_gray_fountain_filled_with_water_and_a_golden_centerpiece,Mask_Sil,0.2697,0.0109,0.2427,0.2956
a_dark_gray_fountain_filled_with_water_and_a_golden_centerpiece,Mask_Sil,0.2326,0.0107,0.2135,0.2604
a_gray_elephant,Mask_Sil,0.2640,0.0271,0.2029,0.2993
a_gray_elephant,Mask_Sil,0.2766,0.0218,0.2083,0.3038
a_green_metallic_sniper_rifle_with_black_barrel,Mask_Sil,0.3165,0.0158,0.2651,0.3345
a_green_metallic_sniper_rifle_with_black_barrel,Mask_Sil,0.3164,0.0168,0.2671,0.3339
a_green_tree_on_a_green_field_with_grey_rocks_scatterd_around,Mask_Sil,0.3128,0.0056,0.2962,0.3256
a_green_tree_on_a_green_field_with_grey_rocks_scatterd_around,Mask_Sil,0.2514,0.0143,0.2085,0.2803
a_light_blue_sofa_with_orange_pillows,Mask_Sil,0.3059,0.0334,0.2327,0.3558
a_light_blue_sofa_with_orange_pillows,Mask_Sil,0.3209,0.0166,0.2630,0.3485
a_mat_green_bicycle_with_red_saddle_and_handles,Mask_Sil,0.2704,0.0130,0.2424,0.3024
a_mat_green_bicycle_with_red_saddle_and_handles,Mask_Sil,0.2768,0.0131,0.2337,0.3049
a_red_dragon_on_top_of_a_stone_wall_with_wooden_towers_on_the_side,Mask_Sil,0.3285,0.0348,0.2336,0.3845
a_red_dragon_on_top_of_a_stone_wall_with_wooden_towers_on_the_side,Mask_Sil,0.2951,0.0316,0.2273,0.3441
a_silver_spaceship_with_glowing_orange_thrusters,Mask_Sil,0.2975,0.0184,0.2588,0.3383
a_silver_spaceship_with_glowing_orange_thrusters,Mask_Sil,0.3148,0.0201,0.2744,0.3549
a_white_and_blue_cargo_truck_with_black_tires_and_a_red_cabin,Mask_Sil,0.3161,0.0116,0.2830,0.3412
a_white_and_blue_cargo_truck_with_black_tires_and_a_red_cabin,Mask_Sil,0.3077,0.0160,0.2363,0.3396
a_white_cat_with_black_spots,Mask_Sil,0.2737,0.0123,0.2381,0.2985
a_white_cat_with_black_spots,Mask_Sil,0.2556,0.0130,0.2194,0.2841
a_wooden_chair,Mask_Sil,0.2998,0.0109,0.2630,0.3264
a_wooden_chair,Mask_Sil,0.3105,0.0068,0.2918,0.3249
a_wooden_sailing_boat_with_a_white_broken_sail_and_blue_cabin,Mask_Sil,0.3230,0.0171,0.2609,0.3500
a_wooden_sailing_boat_with_a_white_broken_sail_and_blue_cabin,Mask_Sil,0.3146,0.0169,0.2608,0.3394
Waly_the_robot_with_a_orange_yellow_rusty_body_and_grey_tracks_head,Mask_Sil,0.3169,0.0158,0.2764,0.3451
Waly_the_robot_with_a_orange_yellow_rusty_body_and_grey_tracks_head,Mask_Sil,0.2981,0.0175,0.2562,0.3278
a_beige_house_with_red_roof_and_black_chimney__so_rounded_by_a_white_picket_fence,Mask_Sil_Prune,0.2421,0.0246,0.1955,0.2951
a_beige_house_with_red_roof_and_black_chimney__so_rounded_by_a_white_picket_fence,Mask_Sil_Prune,0.2111,0.0243,0.1543,0.2588
a_blue_chair_with_red_armrests,Mask_Sil_Prune,0.3435,0.0095,0.3126,0.3636
a_blue_chair_with_red_armrests,Mask_Sil_Prune,0.3259,0.0148,0.2598,0.3462
a_dark_gray_fountain_filled_with_water_and_a_golden_centerpiece,Mask_Sil_Prune,0.2609,0.0172,0.2181,0.2926
a_dark_gray_fountain_filled_with_water_and_a_golden_centerpiece,Mask_Sil_Prune,0.2678,0.0140,0.2426,0.3004
a_gray_elephant,Mask_Sil_Prune,0.2552,0.0240,0.2030,0.3023
a_gray_elephant,Mask_Sil_Prune,0.2780,0.0166,0.2342,0.3041
a_green_metallic_sniper_rifle_with_black_barrel,Mask_Sil_Prune,0.3236,0.0171,0.2607,0.3411
a_green_metallic_sniper_rifle_with_black_barrel,Mask_Sil_Prune,0.3146,0.0196,0.2554,0.3345
a_green_tree_on_a_green_field_with_grey_rocks_scatterd_around,Mask_Sil_Prune,0.3061,0.0057,0.2849,0.3222
a_green_tree_on_a_green_field_with_grey_rocks_scatterd_around,Mask_Sil_Prune,0.2617,0.0148,0.2223,0.2916
a_light_blue_sofa_with_orange_pillows,Mask_Sil_Prune,0.2897,0.0487,0.2083,0.3544
a_light_blue_sofa_with_orange_pillows,Mask_Sil_Prune,0.3097,0.0239,0.2600,0.3508
a_mat_green_bicycle_with_red_saddle_and_handles,Mask_Sil_Prune,0.2767,0.0135,0.2319,0.3059
a_mat_green_bicycle_with_red_saddle_and_handles,Mask_Sil_Prune,0.2811,0.0188,0.2198,0.3182
a_red_dragon_on_top_of_a_stone_wall_with_wooden_towers_on_the_side,Mask_Sil_Prune,0.3319,0.0355,0.2482,0.3720
a_red_dragon_on_top_of_a_stone_wall_with_wooden_towers_on_the_side,Mask_Sil_Prune,0.3096,0.0269,0.2341,0.3588
a_silver_spaceship_with_glowing_orange_thrusters,Mask_Sil_Prune,0.2948,0.0113,0.2691,0.3240
a_silver_spaceship_with_glowing_orange_thrusters,Mask_Sil_Prune,0.3213,0.0129,0.2937,0.3537
a_white_and_blue_cargo_truck_with_black_tires_and_a_red_cabin,Mask_Sil_Prune,0.3139,0.0127,0.2610,0.3358
a_white_and_blue_cargo_truck_with_black_tires_and_a_red_cabin,Mask_Sil_Prune,0.3035,0.0114,0.2581,0.3273
a_white_cat_with_black_spots,Mask_Sil_Prune,0.2721,0.0136,0.2306,0.2982
a_white_cat_with_black_spots,Mask_Sil_Prune,0.2589,0.0155,0.2058,0.2913
a_wooden_chair,Mask_Sil_Prune,0.3001,0.0060,0.2832,0.3197
a_wooden_chair,Mask_Sil_Prune,0.3121,0.0086,0.2882,0.3326
a_wooden_sailing_boat_with_a_white_broken_sail_and_blue_cabin,Mask_Sil_Prune,0.3058,0.0200,0.2404,0.3341
a_wooden_sailing_boat_with_a_white_broken_sail_and_blue_cabin,Mask_Sil_Prune,0.2973,0.0143,0.2600,0.3312
Waly_the_robot_with_a_orange_yellow_rusty_body_and_grey_tracks_head,Mask_Sil_Prune,0.3200,0.0142,0.2885,0.3472
Waly_the_robot_with_a_orange_yellow_rusty_body_and_grey_tracks_head,Mask_Sil_Prune,0.2888,0.0182,0.2344,0.3162
