name,config,value at step 100,value at step 200,value at step 300,value at step 400,value at step 500,value at step 600,value at step 700,value at step 800,value at step 900,value at step 1000,value at step 1100,value at step 1200,value at step 1300,value at step 1400,value at step 1500,value at step 1600,value at step 1700,value at step 1800,value at step 1900,value at step 2000,value at step 2100,value at step 2200,value at step 2300,value at step 2400,value at step 2500,value at step 2600,value at step 2700,value at step 2800,value at step 2900,value at step 3000
Bicycle_100000_colored_pointcloud,LR_Basic_Chamfer_Prune,0.0,0.0,0.0,0.0,0.0,0.0,9.351688277092762e-07,9.351688277092762e-07,9.468183179706102e-07,9.468183179706102e-07,9.661330295784865e-07,1.0417309113108786e-06,1.8248103970108787e-06,2.4537721401429735e-06,4.720051947515458e-06,5.791570401925128e-06,6.798295089538442e-06,7.807093425071798e-06,8.782808436080813e-06,9.751525794854388e-06,1.0672771168174222e-05,1.1265988177910913e-05,1.1751691999961622e-05,1.2079656698915642e-05,1.2374501238809898e-05,1.2543196135084145e-05,1.269236054213252e-05,1.2362467714410741e-05,1.2431441973603796e-05,1.2436012184480205e-05
Bicycle_100000_pointcloud,LR_Basic_Chamfer_Prune,0.0,0.0,0.0,0.0,0.0,0.0,9.285862461183569e-07,9.285862461183569e-07,9.391677622261341e-07,9.391677622261341e-07,9.65993990575953e-07,1.0377467560829245e-06,1.6864762528712163e-06,2.1663945517502725e-06,4.143568730796687e-06,4.970413101546001e-06,5.778572813142091e-06,6.516977009596303e-06,7.244726475619245e-06,8.002212780411355e-06,8.646459718875121e-06,9.108423910220154e-06,9.454164683120325e-06,9.716155545902438e-06,9.92706191027537e-06,1.0073659723275341e-05,1.0176830983255059e-05,9.96512608253397e-06,1.0017460226663388e-05,1.0007330274675041e-05
Cat_100000_colored_pointcloud,LR_Basic_Chamfer_Prune,0.0,0.0,0.0,0.0,0.0,0.0,5.267203277981025e-07,5.267203277981025e-07,5.293185267873923e-07,5.293185267873923e-07,5.454834308693535e-07,6.277657575992635e-07,1.371076450595865e-06,1.9395902199903503e-06,4.441489636519691e-06,5.688504188583465e-06,6.876143743284047e-06,7.977952918736264e-06,9.122763003688306e-06,1.0226425729342736e-05,1.1176256521139294e-05,1.1863123290822841e-05,1.24114376376383e-05,1.284195877815364e-05,1.3174470950616524e-05,1.3434677384793758e-05,1.3628505257656798e-05,1.3207050869823433e-05,1.3279400263854768e-05,1.3278783626446966e-05
Cat_100000_pointcloud,LR_Basic_Chamfer_Prune,0.0,0.0,0.0,0.0,0.0,0.0,5.407314347394276e-07,5.407314347394276e-07,5.43263240615488e-07,5.43263240615488e-07,5.705213084183924e-07,6.559010330420278e-07,1.4465671256402857e-06,2.0764975943166064e-06,4.782864380104002e-06,5.99951181357028e-06,7.154821560106939e-06,8.239784619945567e-06,9.248876267520245e-06,1.0315391591575462e-05,1.113852431444684e-05,1.1760728739318438e-05,1.2254283319634851e-05,1.2636997780646197e-05,1.2921736015414353e-05,1.3133588254277129e-05,1.3298921658133622e-05,1.2908974895253778e-05,1.29933732750942e-05,1.2978452105016913e-05
Chair3Legs_100000_colored_pointcloud,LR_Basic_Chamfer_Prune,0.0,0.0,0.0,0.0,0.0,0.0,7.894052032497711e-06,7.894052032497711e-06,8.016740139282774e-06,8.016740139282774e-06,8.136650649248622e-06,8.192613677238114e-06,8.94166441867128e-06,9.337134542874992e-06,1.1620217264862731e-05,1.244692612090148e-05,1.3246146409073845e-05,1.4007508070790209e-05,1.4818949239270296e-05,1.5664247257518582e-05,1.642642200749833e-05,1.702991903584916e-05,1.7505682990304194e-05,1.7849180949269794e-05,1.8111950339516625e-05,1.8307324353372678e-05,1.8435770471114665e-05,1.8415836166241206e-05,1.845550286816433e-05,1.8466507754055783e-05
Chair3Legs_100000_pointcloud,LR_Basic_Chamfer_Prune,0.0,0.0,0.0,0.0,0.0,0.0,8.003547918633558e-06,8.003547918633558e-06,8.101867024379317e-06,8.101867024379317e-06,8.13974293123465e-06,8.185545993910637e-06,8.930945114116184e-06,9.379835319123231e-06,1.1679015187837649e-05,1.2552312909974717e-05,1.3324681276571937e-05,1.412015080859419e-05,1.4852626009087544e-05,1.5689340216340497e-05,1.642616552999243e-05,1.6971367585938424e-05,1.7409243810107e-05,1.7735688743414357e-05,1.7998690964304842e-05,1.8172540876548737e-05,1.831168083299417e-05,1.8350721802562475e-05,1.8400411136099137e-05,1.841123230406083e-05
Chair_100000_colored_pointcloud,LR_Basic_Chamfer_Prune,0.0,0.0,0.0,0.0,0.0,0.0,8.381997758988291e-06,8.381997758988291e-06,8.474102287436835e-06,8.474102287436835e-06,8.576866093790159e-06,8.607435120211449e-06,9.370107363793068e-06,9.768689778866246e-06,1.2081362001481466e-05,1.296097798331175e-05,1.3761583431914914e-05,1.4526722225127742e-05,1.5336210708483122e-05,1.618383794266265e-05,1.692950536380522e-05,1.7461647075833753e-05,1.78585723915603e-05,1.8190832633990794e-05,1.84381988219684e-05,1.862935459939763e-05,1.8756045392365195e-05,1.8792565242620185e-05,1.883531513158232e-05,1.8844182704924606e-05
Chair_100000_pointcloud,LR_Basic_Chamfer_Prune,0.0,0.0,0.0,0.0,0.0,0.0,8.41354631120339e-06,8.41354631120339e-06,8.493494533468038e-06,8.493494533468038e-06,8.548135156161152e-06,8.589605386077892e-06,9.367204256705008e-06,9.740085261000786e-06,1.2098844308638945e-05,1.2963453627889976e-05,1.3787205716653261e-05,1.4549691513821017e-05,1.5381447155959904e-05,1.6158022845047526e-05,1.6842299373820424e-05,1.736190461087972e-05,1.7759899492375553e-05,1.8057384295389056e-05,1.8286977137904614e-05,1.845289079938084e-05,1.8579621610115282e-05,1.8636086679180153e-05,1.8679420463740826e-05,1.8689341231947765e-05
DragonOnWall_100000_colored_pointcloud,LR_Basic_Chamfer_Prune,0.0,0.0,0.0,0.0,0.0,0.0,1.1230962627450936e-05,1.1230962627450936e-05,1.1451512364146765e-05,1.1451512364146765e-05,1.1663449186016805e-05,1.1675498171825893e-05,1.2764288840116933e-05,1.3066393876215443e-05,1.5811452612979338e-05,1.6539352145628072e-05,1.714482277748175e-05,1.7778624169295654e-05,1.840020740928594e-05,1.9057237295783125e-05,1.9627999790827744e-05,2.0037521608173847e-05,2.0355953893158585e-05,2.0608509657904506e-05,2.0807596229133196e-05,2.0946878066752106e-05,2.1055369870737195e-05,2.0740082618431188e-05,2.0787752873729914e-05,2.077606404782273e-05
DragonOnWall_100000_pointcloud,LR_Basic_Chamfer_Prune,0.0,0.0,0.0,0.0,0.0,0.0,1.1236262253078166e-05,1.1236262253078166e-05,1.1489020835142583e-05,1.1489020835142583e-05,1.165249886980746e-05,1.1662638826237526e-05,1.2420365237630904e-05,1.2698654245468788e-05,1.4937397281755693e-05,1.5571080439258367e-05,1.623673233552836e-05,1.6845238860696554e-05,1.750438786984887e-05,1.8154571080231108e-05,1.8724296751315705e-05,1.9130204236716963e-05,1.9493534637149423e-05,1.9757124391617253e-05,1.994802732951939e-05,2.0094154024263844e-05,2.021071850322187e-05,1.9826728021143936e-05,1.9884422727045603e-05,1.986340976145584e-05
Elephant_100000_colored_pointcloud,LR_Basic_Chamfer_Prune,0.0,0.0,0.0,0.0,0.0,0.0,1.2339073407474643e-07,1.2339073407474643e-07,1.2410089311742922e-07,1.2410089311742922e-07,1.453225451086837e-07,2.2597052407036244e-07,9.458384511162876e-07,1.488208454247797e-06,3.728349838638678e-06,4.8235588110401295e-06,5.777304068033118e-06,6.732686415489297e-06,7.678157089685556e-06,8.651642019685823e-06,9.500682608631905e-06,1.0141659004148096e-05,1.063614763552323e-05,1.0994511285389308e-05,1.1288161658740137e-05,1.1510434887895826e-05,1.1686601283145137e-05,1.1594214811339043e-05,1.1664657904475462e-05,1.1679177077894565e-05
Elephant_100000_pointcloud,LR_Basic_Chamfer_Prune,0.0,0.0,0.0,0.0,0.0,0.0,1.2179006603219023e-07,1.2179006603219023e-07,1.223115759785287e-07,1.223115759785287e-07,1.4360975342242455e-07,2.22425342144561e-07,9.166927270598535e-07,1.4692438981001033e-06,3.65473670171923e-06,4.678295226767659e-06,5.6344638323935214e-06,6.505339115392417e-06,7.490890311601106e-06,8.372217962460127e-06,9.175862032861914e-06,9.779648280527908e-06,1.027717735269107e-05,1.0647037925082259e-05,1.0927027688012458e-05,1.1147186341986526e-05,1.1313282811897807e-05,1.1284137144684792e-05,1.1348500265739858e-05,1.1355626156728249e-05
Fountain_100000_colored_pointcloud,LR_Basic_Chamfer_Prune,0.0,0.0,0.0,0.0,0.0,0.0,3.1300234695663676e-05,3.1300234695663676e-05,3.1815292459214106e-05,3.1815292459214106e-05,3.285741695435718e-05,3.285114871687256e-05,3.506453140289523e-05,3.542775084497407e-05,4.0116974560078233e-05,4.105723201064393e-05,4.2007122829090804e-05,4.2903655412374064e-05,4.392954724607989e-05,4.4982640247326344e-05,4.586663635564037e-05,4.6617791667813435e-05,4.711427027359605e-05,4.746668855659664e-05,4.772289685206488e-05,4.792987965629436e-05,4.8059053369797766e-05,4.814533531316556e-05,4.818516026716679e-05,4.819800960831344e-05
Fountain_100000_pointcloud,LR_Basic_Chamfer_Prune,0.0,0.0,0.0,0.0,0.0,0.0,3.096373984590173e-05,3.096373984590173e-05,3.1642455724067986e-05,3.1642455724067986e-05,3.274747359682806e-05,3.273371112300083e-05,3.487658977974206e-05,3.515467687975615e-05,3.9601451135240495e-05,4.047459515277296e-05,4.125621489947662e-05,4.2138977732975036e-05,4.319260915508494e-05,4.4145610445411876e-05,4.5063323341310024e-05,4.5685319491894916e-05,4.618015736923553e-05,4.654258009395562e-05,4.67929094156716e-05,4.697008989751339e-05,4.709984932560474e-05,4.715951217804104e-05,4.7195993829518557e-05,4.720755168818869e-05
House_100000_colored_pointcloud,LR_Basic_Chamfer_Prune,0.0,0.0,0.0,0.0,0.0,0.0,1.5787632946739905e-05,1.5787632946739905e-05,1.6643414710415527e-05,1.6643414710415527e-05,1.7172860680148005e-05,1.720002546790056e-05,1.812259688449558e-05,1.8416738384985365e-05,2.029139614023734e-05,2.084274819935672e-05,2.1361214749049395e-05,2.1885571186430752e-05,2.243790186184924e-05,2.297843457199633e-05,2.3422900994773954e-05,2.3808121113688685e-05,2.4129911253112368e-05,2.435860369587317e-05,2.452589433232788e-05,2.464745193719864e-05,2.4729644792387262e-05,2.4043383746175095e-05,2.4080714865704067e-05,2.3986138330656104e-05
House_100000_pointcloud,LR_Basic_Chamfer_Prune,0.0,0.0,0.0,0.0,0.0,0.0,1.5494541003135964e-05,1.5494541003135964e-05,1.6285563106066547e-05,1.6285563106066547e-05,1.673750375630334e-05,1.6766305634519085e-05,1.7718728486215696e-05,1.7980322809307836e-05,1.9575507394620217e-05,2.0083134586457163e-05,2.0570070773828775e-05,2.109225169988349e-05,2.1562747861025855e-05,2.211345054092817e-05,2.2579535652766936e-05,2.2901174816070125e-05,2.314634002686944e-05,2.3311018594540656e-05,2.3444579710485414e-05,2.3543965653516352e-05,2.361428960284684e-05,2.312713877472561e-05,2.3150472770794295e-05,2.306713031430263e-05
SalingBoat_100000_colored_pointcloud,LR_Basic_Chamfer_Prune,0.0,0.0,0.0,0.0,0.0,0.0,9.68067297435482e-07,9.68067297435482e-07,9.70843530012644e-07,9.70843530012644e-07,1.0147164175577927e-06,1.0793670526254573e-06,1.6184816331588081e-06,1.912470906972885e-06,3.3995315789070446e-06,3.991937774117105e-06,4.548817742033862e-06,5.18140041094739e-06,5.786921519757016e-06,6.377393674483756e-06,6.861841939098667e-06,7.240204922709381e-06,7.561134225397836e-06,7.774812729621772e-06,7.94983407104155e-06,8.093651558738202e-06,8.17773980088532e-06,8.010259989532642e-06,8.049821190070361e-06,8.040220563998446e-06
SalingBoat_100000_pointcloud,LR_Basic_Chamfer_Prune,0.0,0.0,0.0,0.0,0.0,0.0,9.842048029895523e-07,9.842048029895523e-07,9.88338570095948e-07,9.88338570095948e-07,1.0294324965798296e-06,1.0906333045568317e-06,1.6222969634327455e-06,1.921672946991748e-06,3.410714498386369e-06,3.9994365579332225e-06,4.515322416409617e-06,5.040137693868019e-06,5.568994311033748e-06,6.08171876592678e-06,6.550063972099451e-06,6.884997674205806e-06,7.134005500120111e-06,7.343724064412527e-06,7.502509106416255e-06,7.610350166942226e-06,7.693901352467947e-06,7.544835170847364e-06,7.580326837342e-06,7.576457392133307e-06
Sniper_100000_colored_pointcloud,LR_Basic_Chamfer_Prune,0.0,0.0,0.0,0.0,0.0,0.0,0.0,0.0,0.0,0.0,1.5658981666888394e-08,6.462984458721621e-08,4.1357282043463783e-07,6.501398388536472e-07,1.5812096307854517e-06,1.9503995645209216e-06,2.287643610543455e-06,2.6339537271269364e-06,2.9153061404940672e-06,3.2026546250563115e-06,3.534985353326192e-06,3.732956429303158e-06,3.902533990185475e-06,4.024711415695492e-06,4.116921900276793e-06,4.180586074653547e-06,4.229779278830392e-06,4.129619355808245e-06,4.149302185396664e-06,4.14659143643803e-06
Sniper_100000_pointcloud,LR_Basic_Chamfer_Prune,0.0,0.0,0.0,0.0,0.0,0.0,0.0,0.0,0.0,0.0,1.4117292224113953e-08,6.085515735776426e-08,4.055519298162835e-07,6.081249352973828e-07,1.5259519159371848e-06,1.8951132005895488e-06,2.1921414372627623e-06,2.4723278784222202e-06,2.759302105914685e-06,3.033944722119486e-06,3.2957084385998314e-06,3.4716549635049887e-06,3.612183718360029e-06,3.7260085719026392e-06,3.8020114061509958e-06,3.858759100694442e-06,3.896680482284864e-06,3.7791887734783813e-06,3.7954255276417825e-06,3.789838729062467e-06
Sofa_100000_colored_pointcloud,LR_Basic_Chamfer_Prune,0.0,0.0,0.0,0.0,0.0,0.0,1.199431972054299e-05,1.199431972054299e-05,1.2282966054044664e-05,1.2282966054044664e-05,1.2518716175691225e-05,1.2559587048599496e-05,1.3506370123650413e-05,1.3919517186877783e-05,1.6296231478918344e-05,1.7144469893537462e-05,1.7920323443831876e-05,1.8733058823272586e-05,1.9580975276767276e-05,2.0425924958544783e-05,2.1136993382242508e-05,2.168032733607106e-05,2.2103176888776943e-05,2.2397105567506514e-05,2.2626827558269724e-05,2.2792799427406862e-05,2.2914466171641834e-05,2.2899976102053188e-05,2.2947922843741253e-05,2.295993544976227e-05
Sofa_100000_pointcloud,LR_Basic_Chamfer_Prune,0.0,0.0,0.0,0.0,0.0,0.0,1.1743612049031071e-05,1.1743612049031071e-05,1.2087219147360884e-05,1.2087219147360884e-05,1.2270093975530472e-05,1.2303395124035887e-05,1.317082205787301e-05,1.356547545583453e-05,1.5933168469928205e-05,1.676922147453297e-05,1.7513209968456067e-05,1.8276225091540255e-05,1.9005916328751482e-05,1.9839306332869455e-05,2.0529365428956226e-05,2.1041827494627796e-05,2.1438048861455172e-05,2.1708139684051275e-05,2.1944182662991807e-05,2.211532228102442e-05,2.2244814317673445e-05,2.222384136985056e-05,2.2266473024501465e-05,2.22704402403906e-05
SpaceShipMaybe_100000_colored_pointcloud,LR_Basic_Chamfer_Prune,0.0,0.0,0.0,0.0,0.0,0.0,5.381672508519841e-06,5.381672508519841e-06,5.522045285033528e-06,5.522045285033528e-06,5.615932423097547e-06,5.6709959608269855e-06,6.406802640412934e-06,6.823287549195811e-06,8.99313818081282e-06,9.89806812867755e-06,1.0763798854895867e-05,1.1638719115580898e-05,1.251655430678511e-05,1.3384405974647962e-05,1.4186087355483323e-05,1.4758705219719559e-05,1.5191038983175531e-05,1.5490848454646766e-05,1.572357359691523e-05,1.5906571206869557e-05,1.6026977391447872e-05,1.608893580851145e-05,1.6133952158270404e-05,1.6143754692166112e-05
SpaceShipMaybe_100000_pointcloud,LR_Basic_Chamfer_Prune,0.0,0.0,0.0,0.0,0.0,0.0,5.43457144885906e-06,5.43457144885906e-06,5.551105459744576e-06,5.551105459744576e-06,5.642403266392648e-06,5.694737410522066e-06,6.411761205527e-06,6.809802471252624e-06,9.02052670426201e-06,9.87488601822406e-06,1.0686472705856431e-05,1.1524698493303731e-05,1.2379954569041729e-05,1.3202929039834999e-05,1.3937486073700711e-05,1.4519535397994332e-05,1.4954885045881383e-05,1.5279701983672567e-05,1.5509152945014648e-05,1.5685378457419574e-05,1.5796311345184222e-05,1.5853443983360194e-05,1.589321436767932e-05,1.590735701029189e-05
Tree_100000_colored_pointcloud,LR_Basic_Chamfer_Prune,0.0,0.0,0.0,0.0,0.0,0.0,1.3461708476825152e-06,1.3461708476825152e-06,1.3527218243325478e-06,1.3527218243325478e-06,1.3778530956187751e-06,1.4528729934681905e-06,2.1802497940370813e-06,2.6896695999312215e-06,5.086083092464833e-06,6.170585947984364e-06,7.220598490675911e-06,8.28078464110149e-06,9.391577805217821e-06,1.051023900799919e-05,1.155704740085639e-05,1.2303384210099466e-05,1.2908101780340075e-05,1.3352475434658118e-05,1.3705646779271774e-05,1.3969999599794392e-05,1.4174553143675439e-05,1.4265929166867863e-05,1.4328166798804887e-05,1.4346091120387428e-05
Tree_100000_pointcloud,LR_Basic_Chamfer_Prune,0.0,0.0,0.0,0.0,0.0,0.0,1.5149803402891848e-06,1.5149803402891848e-06,1.5225950846797787e-06,1.5225950846797787e-06,1.5518426152993925e-06,1.6250951375695877e-06,2.3761976990499534e-06,2.8972865493415156e-06,5.341024916560855e-06,6.443465281336103e-06,7.450768862327095e-06,8.474069545627572e-06,9.552595656714402e-06,1.064163188857492e-05,1.1560602615645621e-05,1.2281003364478238e-05,1.2833339496864937e-05,1.3276669051265344e-05,1.3628871784021612e-05,1.3864359971194062e-05,1.405597595294239e-05,1.4099500731390435e-05,1.4165728316584136e-05,1.4173237104841974e-05
Truck_100000_colored_pointcloud,LR_Basic_Chamfer_Prune,0.0,0.0,0.0,0.0,0.0,0.0,1.1744941730285063e-06,1.1744941730285063e-06,1.176562363980338e-06,1.176562363980338e-06,1.1911438377865124e-06,1.2528003026091028e-06,1.8692594494496007e-06,2.2741460270481184e-06,4.177651589998277e-06,4.943629846820841e-06,5.605187652690802e-06,6.254962954699295e-06,6.8996037043689284e-06,7.564924544567475e-06,8.232355867221486e-06,8.707278539077379e-06,9.04552962310845e-06,9.28022745938506e-06,9.444773240829818e-06,9.579544894222636e-06,9.66643710853532e-06,9.698174835648388e-06,9.736805623106193e-06,9.744544513523579e-06
Truck_100000_pointcloud,LR_Basic_Chamfer_Prune,0.0,0.0,0.0,0.0,0.0,0.0,1.2227665138198063e-06,1.2227665138198063e-06,1.2255139836270246e-06,1.2255139836270246e-06,1.2544264791358728e-06,1.3150249742466258e-06,1.8872422060667304e-06,2.250331817776896e-06,4.032211563753663e-06,4.755963345814962e-06,5.395482730818912e-06,6.028189545759233e-06,6.712878985126736e-06,7.3698438427527435e-06,7.987445314938668e-06,8.434458322881255e-06,8.732387868803926e-06,8.96442088560434e-06,9.12507402972551e-06,9.263700121664442e-06,9.356772352475673e-06,9.380753908772022e-06,9.412182407686487e-06,9.42277256399393e-06
Waly_100000_colored_pointcloud,LR_Basic_Chamfer_Prune,0.0,0.0,0.0,0.0,0.0,0.0,1.607971171324607e-05,1.607971171324607e-05,1.6441023035440594e-05,1.6441023035440594e-05,1.6650112229399383e-05,1.6669191609253176e-05,1.787485962267965e-05,1.832586531236302e-05,2.1729551008320414e-05,2.2828655346529558e-05,2.3828688426874578e-05,2.4811815819703043e-05,2.5816800189204514e-05,2.679397221072577e-05,2.771958679659292e-05,2.841706736944616e-05,2.8903883503517136e-05,2.9282593459356576e-05,2.9573977371910587e-05,2.9770528271910734e-05,2.989462882396765e-05,2.9912709578638896e-05,2.9958371669636108e-05,2.997152660100255e-05
Waly_100000_pointcloud,LR_Basic_Chamfer_Prune,0.0,0.0,0.0,0.0,0.0,0.0,1.6137624697876163e-05,1.6137624697876163e-05,1.6505429812241346e-05,1.6505429812241346e-05,1.6651332771289162e-05,1.6660964320180938e-05,1.7822418158175424e-05,1.8204287698608823e-05,2.1418874894152395e-05,2.2417609216063283e-05,2.331341602257453e-05,2.4206718080677092e-05,2.5135683245025575e-05,2.6128927856916562e-05,2.6946076104650274e-05,2.7544745535124093e-05,2.800000220304355e-05,2.836804196704179e-05,2.8632966859731823e-05,2.88322007691022e-05,2.8969854611204937e-05,2.9013135645072907e-05,2.9063074180157855e-05,2.907608177338261e-05
Bicycle_100000_colored_pointcloud,LR_Basic_Prune,0.0,0.0,0.0,0.0,0.0,0.0,9.189935781250824e-07,9.189935781250824e-07,9.319086871073523e-07,9.319086871073523e-07,9.311156077274063e-07,1.0005933290813118e-06,1.7373029095324455e-06,2.314205630682409e-06,4.558092769002542e-06,5.603943463938776e-06,6.502379619632848e-06,7.437318345182575e-06,8.339407031598967e-06,9.36654851102503e-06,1.0138703146367334e-05,1.0749829925771337e-05,1.1209367585252039e-05,1.1569482921913732e-05,1.1797917977673933e-05,1.200263068312779e-05,1.2147874258516822e-05,1.1924010323127732e-05,1.1992898180324119e-05,1.198461905005388e-05
Bicycle_100000_pointcloud,LR_Basic_Prune,0.0,0.0,0.0,0.0,0.0,0.0,9.341429176856764e-07,9.341429176856764e-07,9.496764050709317e-07,9.496764050709317e-07,9.799457529879874e-07,1.0508538252906874e-06,1.70219743722555e-06,2.1729263153247302e-06,4.131568402954144e-06,5.019436684960965e-06,5.795050128654111e-06,6.542828486999497e-06,7.284220828296384e-06,7.986009222804569e-06,8.569544661440887e-06,8.985034583020024e-06,9.320370736531913e-06,9.59562385105528e-06,9.79320248006843e-06,9.952424989023712e-06,1.0049971933767665e-05,9.810471965465695e-06,9.866558684734628e-06,9.865234460448846e-06
Cat_100000_colored_pointcloud,LR_Basic_Prune,0.0,0.0,0.0,0.0,0.0,0.0,5.439563324216579e-07,5.439563324216579e-07,5.471918029797962e-07,5.471918029797962e-07,5.651397714245832e-07,6.438964419430704e-07,1.4159126067170291e-06,2.0227623735991074e-06,4.537585937214317e-06,5.764829893450951e-06,6.926781679794658e-06,8.120860911731143e-06,9.239002793037798e-06,1.0333709724363871e-05,1.1235609235882293e-05,1.1880341844516806e-05,1.2401545973261818e-05,1.2842577234550845e-05,1.3161568858777173e-05,1.3417986338026822e-05,1.359713223791914e-05,1.3162804862076882e-05,1.3236850463727023e-05,1.3231142474978697e-05
Cat_100000_pointcloud,LR_Basic_Prune,0.0,0.0,0.0,0.0,0.0,0.0,5.337457196219475e-07,5.337457196219475e-07,5.365175752558571e-07,5.365175752558571e-07,5.576210355684452e-07,6.467787443398265e-07,1.4364796925292467e-06,2.054431661235867e-06,4.7707244448247366e-06,6.0678548834403045e-06,7.156987976486562e-06,8.265408723673318e-06,9.432268598175142e-06,1.0459193617862184e-05,1.1303670362394769e-05,1.1977046597166918e-05,1.249435172212543e-05,1.2890773177787196e-05,1.3190136996854562e-05,1.3443132957036141e-05,1.3617594049719628e-05,1.3117673915985506e-05,1.3206533367338125e-05,1.318862723564962e-05
Chair3Legs_100000_colored_pointcloud,LR_Basic_Prune,0.0,0.0,0.0,0.0,0.0,0.0,7.913153240224347e-06,7.913153240224347e-06,7.992681275936775e-06,7.992681275936775e-06,8.063265340751968e-06,8.118498953990638e-06,8.937725397117902e-06,9.329232852905989e-06,1.1554835509741679e-05,1.2441094440873712e-05,1.3222441339166835e-05,1.4013410691404715e-05,1.479734964959789e-05,1.558189615025185e-05,1.6352358215954155e-05,1.691724537522532e-05,1.7368751286994666e-05,1.7669641238171607e-05,1.792669172573369e-05,1.810790490708314e-05,1.8234088202007115e-05,1.8235841707792133e-05,1.8275301044923253e-05,1.828396307246294e-05
Chair3Legs_100000_pointcloud,LR_Basic_Prune,0.0,0.0,0.0,0.0,0.0,0.0,7.982523129612673e-06,7.982523129612673e-06,8.082720341917593e-06,8.082720341917593e-06,8.151660040311981e-06,8.1985053839162e-06,9.023348866321612e-06,9.423032679478638e-06,1.1768805961764883e-05,1.2641361536225304e-05,1.3415188732324168e-05,1.4182940503815189e-05,1.49552015500376e-05,1.5741992683615535e-05,1.642439565330278e-05,1.69760241988115e-05,1.739273102430161e-05,1.774126576492563e-05,1.7985417798627168e-05,1.8163598724640906e-05,1.830869950936176e-05,1.832605448726099e-05,1.837407035054639e-05,1.8384595023235306e-05
Chair_100000_colored_pointcloud,LR_Basic_Prune,0.0,0.0,0.0,0.0,0.0,0.0,8.323801012011245e-06,8.323801012011245e-06,8.436292773694731e-06,8.436292773694731e-06,8.530917511961889e-06,8.565494681533892e-06,9.349058018415235e-06,9.75022885540966e-06,1.2128370144637302e-05,1.3034793482802343e-05,1.381502443109639e-05,1.4621764421463013e-05,1.5420737327076495e-05,1.6235626389971003e-05,1.698506821412593e-05,1.7526304873172194e-05,1.7929269233718514e-05,1.825000435928814e-05,1.8522056052461267e-05,1.8711270968196914e-05,1.885025267256424e-05,1.888556289486587e-05,1.8940068912343122e-05,1.894866545626428e-05
Chair_100000_pointcloud,LR_Basic_Prune,0.0,0.0,0.0,0.0,0.0,0.0,8.379720384255052e-06,8.379720384255052e-06,8.510562111041509e-06,8.510562111041509e-06,8.577447260904592e-06,8.609928045189008e-06,9.439731002203189e-06,9.819740625971463e-06,1.2287182471482083e-05,1.3099196621624287e-05,1.3904167644795962e-05,1.4738643585587852e-05,1.55398556671571e-05,1.642694405745715e-05,1.715681719360873e-05,1.7723341443343088e-05,1.8174629076384008e-05,1.845582119130995e-05,1.8698437997954898e-05,1.8878938135458156e-05,1.9002378394361585e-05,1.9032384443562478e-05,1.9074295778409578e-05,1.9080624042544514e-05
DragonOnWall_100000_colored_pointcloud,LR_Basic_Prune,0.0,0.0,0.0,0.0,0.0,0.0,1.1162463124492206e-05,1.1162463124492206e-05,1.1446556527516805e-05,1.1446556527516805e-05,1.1657417417154647e-05,1.1668377737805713e-05,1.2718426660285331e-05,1.3019061952945776e-05,1.5870471543166786e-05,1.6558769857510924e-05,1.7192975064972416e-05,1.7838234271039255e-05,1.846848135755863e-05,1.9149923900840804e-05,1.9709379557752982e-05,2.01172679226147e-05,2.0408140699146315e-05,2.065840089926496e-05,2.0838997443206608e-05,2.0977415260858834e-05,2.108131957356818e-05,2.084629340970423e-05,2.0900908566545695e-05,2.0900093659292907e-05
DragonOnWall_100000_pointcloud,LR_Basic_Prune,0.0,0.0,0.0,0.0,0.0,0.0,1.1170299330842681e-05,1.1170299330842681e-05,1.1351698049111292e-05,1.1351698049111292e-05,1.1479669410618953e-05,1.1503701898618601e-05,1.2416727258823812e-05,1.2726881323033012e-05,1.5065904335642699e-05,1.570880885992665e-05,1.6331274309777655e-05,1.6987178241834044e-05,1.760939267114736e-05,1.8289900253876112e-05,1.8869523046305403e-05,1.9325812900206074e-05,1.967051503015682e-05,1.9939179765060544e-05,2.013406265177764e-05,2.0297287846915424e-05,2.0403147573233582e-05,2.0047666112077422e-05,2.0106021111132577e-05,2.0072962797712535e-05
Elephant_100000_colored_pointcloud,LR_Basic_Prune,0.0,0.0,0.0,0.0,0.0,0.0,1.233490110053026e-07,1.233490110053026e-07,1.240623532794416e-07,1.240623532794416e-07,1.4605615206164657e-07,2.2331346372084226e-07,9.307671575697896e-07,1.4945850352887646e-06,3.6972303405491402e-06,4.764568075188436e-06,5.699387656932231e-06,6.631490578001831e-06,7.506105248467065e-06,8.505389814672526e-06,9.322135156253353e-06,9.9271801445866e-06,1.0431569535285234e-05,1.0811068932525814e-05,1.1123913282062858e-05,1.1345897291903384e-05,1.1510071999509819e-05,1.1490483302623034e-05,1.1565189197426662e-05,1.1574384188861586e-05
Elephant_100000_pointcloud,LR_Basic_Prune,0.0,0.0,0.0,0.0,0.0,0.0,1.2180750275092578e-07,1.2180750275092578e-07,1.2267224747120054e-07,1.2267224747120054e-07,1.419744535269274e-07,2.1798058469357784e-07,8.983170687315578e-07,1.4244780004446511e-06,3.626559191616252e-06,4.684698069468141e-06,5.588784006249625e-06,6.532077350129839e-06,7.459101652784739e-06,8.439707926299889e-06,9.26162101677619e-06,9.835499440669082e-06,1.0330840268579777e-05,1.0742432095867116e-05,1.104456441680668e-05,1.126749521063175e-05,1.142434666689951e-05,1.1288940186204854e-05,1.13498554128455e-05,1.135729871748481e-05
Fountain_100000_colored_pointcloud,LR_Basic_Prune,0.0,0.0,0.0,0.0,0.0,0.0,3.129671677015722e-05,3.129671677015722e-05,3.188587288605049e-05,3.188587288605049e-05,3.2895608455874026e-05,3.289162123110145e-05,3.515809657983482e-05,3.550044493749738e-05,3.9990631194086745e-05,4.0945880755316466e-05,4.1817620513029397e-05,4.273217564332299e-05,4.376081778900698e-05,4.4830892875324935e-05,4.577995423460379e-05,4.644805449061096e-05,4.700350109487772e-05,4.737091512652114e-05,4.765883204527199e-05,4.788251317222603e-05,4.802045441465452e-05,4.807735967915505e-05,4.812445695279166e-05,4.813900523004122e-05
Fountain_100000_pointcloud,LR_Basic_Prune,0.0,0.0,0.0,0.0,0.0,0.0,3.090934478677809e-05,3.090934478677809e-05,3.14178250846453e-05,3.14178250846453e-05,3.249370274716057e-05,3.2470717997057363e-05,3.453841054579243e-05,3.484615444904193e-05,3.961560287280008e-05,4.048331902595237e-05,4.140572855249047e-05,4.226758028380573e-05,4.320682637626305e-05,4.42288292106241e-05,4.508570418693125e-05,4.5780412619933486e-05,4.626458394341171e-05,4.664047446567565e-05,4.691636422649026e-05,4.7121353418333456e-05,4.7247958718799055e-05,4.732588422484696e-05,4.736682603834197e-05,4.737790732178837e-05
House_100000_colored_pointcloud,LR_Basic_Prune,0.0,0.0,0.0,0.0,0.0,0.0,1.5920189980533905e-05,1.5920189980533905e-05,1.667409742367454e-05,1.667409742367454e-05,1.7125577869592234e-05,1.7152375221485272e-05,1.8190121409134008e-05,1.850260014180094e-05,2.0510969989118166e-05,2.1119283701409586e-05,2.1643118088832125e-05,2.220084388682153e-05,2.2716754756402224e-05,2.3309565222007222e-05,2.3776930902386084e-05,2.4161852707038634e-05,2.4435179511783645e-05,2.4658649635966867e-05,2.4818100428092293e-05,2.4925706384237856e-05,2.5006425858009607e-05,2.4289514840347692e-05,2.4330489395651966e-05,2.423449041089043e-05
House_100000_pointcloud,LR_Basic_Prune,0.0,0.0,0.0,0.0,0.0,0.0,1.531574162072502e-05,1.531574162072502e-05,1.622053787286859e-05,1.622053787286859e-05,1.663275179453194e-05,1.666739808570128e-05,1.7574788216734305e-05,1.7828249838203192e-05,1.9616836652858183e-05,2.0119716282351874e-05,2.0596802642103285e-05,2.1095976990181953e-05,2.162097916880157e-05,2.2159041691338643e-05,2.2596614144276828e-05,2.291447890456766e-05,2.3162796424003318e-05,2.334857163077686e-05,2.3484573830501176e-05,2.357685298193246e-05,2.3637603590032086e-05,2.3149483240558766e-05,2.3171634893515147e-05,2.3151442292146385e-05
SalingBoat_100000_colored_pointcloud,LR_Basic_Prune,0.0,0.0,0.0,0.0,0.0,0.0,9.60936176852556e-07,9.60936176852556e-07,9.64099058364809e-07,9.64099058364809e-07,1.0216019745712401e-06,1.0891446891037049e-06,1.6257168908850872e-06,1.933130988618359e-06,3.5089226457785117e-06,4.115023330086842e-06,4.66705068902229e-06,5.220613729761681e-06,5.822103503305698e-06,6.365874469338451e-06,6.9207499109325e-06,7.283106242539361e-06,7.5653474596037995e-06,7.778140570735559e-06,7.96953736426076e-06,8.080705811153166e-06,8.16861938801594e-06,8.011567842913792e-06,8.05178569862619e-06,8.037784937187098e-06
SalingBoat_100000_pointcloud,LR_Basic_Prune,0.0,0.0,0.0,0.0,0.0,0.0,9.87477278613369e-07,9.87477278613369e-07,9.94379320218286e-07,9.94379320218286e-07,1.0404135082353605e-06,1.0998542165907566e-06,1.6097588968477794e-06,1.913640517159365e-06,3.4333206713199615e-06,3.995597580797039e-06,4.5162587412050925e-06,5.040530140831834e-06,5.5769232858438045e-06,6.136674983281409e-06,6.627366929023992e-06,6.984160336287459e-06,7.262218787218444e-06,7.452284080500249e-06,7.596543127874611e-06,7.718872438999824e-06,7.802158506819978e-06,7.67372694099322e-06,7.70561473473208e-06,7.702130460529588e-06
Sniper_100000_colored_pointcloud,LR_Basic_Prune,0.0,0.0,0.0,0.0,0.0,0.0,0.0,0.0,0.0,0.0,1.498082724538108e-08,6.466612489930412e-08,4.019117909592751e-07,6.404714554264501e-07,1.5447562873305287e-06,1.947184955497505e-06,2.328746404600679e-06,2.658790890563978e-06,2.9751656711596297e-06,3.29973727275501e-06,3.5930497688241303e-06,3.8036841942812316e-06,3.956027740059653e-06,4.094599717063829e-06,4.182911652605981e-06,4.2617125473043416e-06,4.313595127314329e-06,4.192947471892694e-06,4.21719460064196e-06,4.214170530758565e-06
Sniper_100000_pointcloud,LR_Basic_Prune,0.0,0.0,0.0,0.0,0.0,0.0,0.0,0.0,0.0,0.0,1.474568556147915e-08,6.404395946901786e-08,4.0392475852968346e-07,6.204110150065389e-07,1.5175537555478513e-06,1.8829994132829597e-06,2.1863256733922753e-06,2.489389771653805e-06,2.786407549137948e-06,3.089260417254991e-06,3.33247635353473e-06,3.5243713227828266e-06,3.673225364764221e-06,3.7811951187904924e-06,3.871601620630827e-06,3.9455367186747026e-06,3.996827672381187e-06,3.854844180750661e-06,3.8787802623119205e-06,3.875919901474845e-06
Sofa_100000_colored_pointcloud,LR_Basic_Prune,0.0,0.0,0.0,0.0,0.0,0.0,1.1920617907890119e-05,1.1920617907890119e-05,1.2190594134153798e-05,1.2190594134153798e-05,1.2400476407492533e-05,1.2446862456272356e-05,1.3351077541301493e-05,1.3777462299913168e-05,1.611629340914078e-05,1.694576167210471e-05,1.7729829778545536e-05,1.8444248780724593e-05,1.9254082872066647e-05,2.0063385818502866e-05,2.073608266073279e-05,2.1255335013847798e-05,2.1670166461262852e-05,2.1990468667354435e-05,2.2212901967577636e-05,2.2381142116500996e-05,2.249370481877122e-05,2.2493721189675853e-05,2.2537627955898643e-05,2.2545153115061112e-05
Sofa_100000_pointcloud,LR_Basic_Prune,0.0,0.0,0.0,0.0,0.0,0.0,1.1799247658927925e-05,1.1799247658927925e-05,1.2167173736088444e-05,1.2167173736088444e-05,1.2369951036816929e-05,1.2413111107889563e-05,1.3352473615668714e-05,1.3744114767177962e-05,1.6063264411059208e-05,1.685079769231379e-05,1.7602780644665472e-05,1.8349819583818316e-05,1.914122731250245e-05,1.9949049601564184e-05,2.0636271074181423e-05,2.1148696760064922e-05,2.1525485863094218e-05,2.18293207581155e-05,2.2079539121477865e-05,2.2261898266151547e-05,2.2377233108272776e-05,2.2385071133612655e-05,2.2429287128034048e-05,2.244014831376262e-05
SpaceShipMaybe_100000_colored_pointcloud,LR_Basic_Prune,0.0,0.0,0.0,0.0,0.0,0.0,5.350763331080088e-06,5.350763331080088e-06,5.4234751587500796e-06,5.4234751587500796e-06,5.533988314709859e-06,5.591798526438652e-06,6.3466331994277425e-06,6.737844159943052e-06,8.852700375427958e-06,9.785620932234451e-06,1.0607052900013514e-05,1.1490121323731728e-05,1.239173343492439e-05,1.3225189832155593e-05,1.3998527720104903e-05,1.453370805393206e-05,1.4935888430045452e-05,1.5255380276357755e-05,1.5494068065891042e-05,1.5672465451643802e-05,1.5794084902154282e-05,1.5872923540882766e-05,1.5913217794150114e-05,1.5923133105388843e-05
SpaceShipMaybe_100000_pointcloud,LR_Basic_Prune,0.0,0.0,0.0,0.0,0.0,0.0,5.494562174135353e-06,5.494562174135353e-06,5.534995125344722e-06,5.534995125344722e-06,5.610577318293508e-06,5.662245712301228e-06,6.4059900068969e-06,6.833907718828414e-06,8.987186447484419e-06,9.934798981703352e-06,1.0747074156824965e-05,1.160380088549573e-05,1.2466602129279636e-05,1.338280435447814e-05,1.412308574799681e-05,1.46889597090194e-05,1.5114087545953225e-05,1.5434670785907656e-05,1.565909587952774e-05,1.5827790775801986e-05,1.595312642166391e-05,1.600429277459625e-05,1.6041209164541215e-05,1.605277429916896e-05
Tree_100000_colored_pointcloud,LR_Basic_Prune,0.0,0.0,0.0,0.0,0.0,0.0,1.353101538370538e-06,1.353101538370538e-06,1.3547232811106369e-06,1.3547232811106369e-06,1.3807709819957381e-06,1.4548957096849335e-06,2.185928451581276e-06,2.69084625870164e-06,5.059710474597523e-06,6.151729849079857e-06,7.166395789681701e-06,8.236696885433048e-06,9.332850822829641e-06,1.0467048923601396e-05,1.1495732906041667e-05,1.2298218280193396e-05,1.290723230340518e-05,1.3366193343244959e-05,1.3721763934881892e-05,1.3996426787343808e-05,1.4190412912284955e-05,1.4258219380280934e-05,1.4321183698484674e-05,1.434047044313047e-05
Tree_100000_pointcloud,LR_Basic_Prune,0.0,0.0,0.0,0.0,0.0,0.0,1.532386704639066e-06,1.532386704639066e-06,1.5431428437295835e-06,1.5431428437295835e-06,1.5723805972811533e-06,1.645356860535685e-06,2.3871307348599657e-06,2.886880793084856e-06,5.2804775805270765e-06,6.362216936395271e-06,7.320464646909386e-06,8.328275725943968e-06,9.34091985982377e-06,1.0411700714030303e-05,1.133166460931534e-05,1.2046750271110795e-05,1.2597030945471488e-05,1.301652446272783e-05,1.3356964700506069e-05,1.3608429071609862e-05,1.3792055142403115e-05,1.383403105137404e-05,1.389972931065131e-05,1.3914068404119462e-05
Truck_100000_colored_pointcloud,LR_Basic_Prune,0.0,0.0,0.0,0.0,0.0,0.0,1.15206432838022e-06,1.15206432838022e-06,1.1562341342141735e-06,1.1562341342141735e-06,1.1819539622592856e-06,1.2480317082008696e-06,1.8709947653405834e-06,2.2847198124509305e-06,4.160219759796746e-06,4.893680852546822e-06,5.59562977286987e-06,6.293708338489523e-06,7.0010623858252075e-06,7.72394378145691e-06,8.28748943604296e-06,8.777034963713959e-06,9.124609277932905e-06,9.354394933325239e-06,9.549361493554898e-06,9.675333785708062e-06,9.785265319806058e-06,9.810871233639773e-06,9.847859473666176e-06,9.856292308541015e-06
Truck_100000_pointcloud,LR_Basic_Prune,0.0,0.0,0.0,0.0,0.0,0.0,1.2081160321031348e-06,1.2081160321031348e-06,1.2120060546294553e-06,1.2120060546294553e-06,1.2298658020881703e-06,1.291502940148348e-06,1.8927801193058258e-06,2.256693278468447e-06,3.998893134848913e-06,4.67925474367803e-06,5.278297066979576e-06,5.88651573707466e-06,6.525756361952517e-06,7.140044999687234e-06,7.698434274061583e-06,8.118752703012433e-06,8.413727300649043e-06,8.657741091155913e-06,8.826372322801035e-06,8.952258212957531e-06,9.047038474818692e-06,9.08479341887869e-06,9.11326424102299e-06,9.121363291342277e-06
Waly_100000_colored_pointcloud,LR_Basic_Prune,0.0,0.0,0.0,0.0,0.0,0.0,1.6029985999921337e-05,1.6029985999921337e-05,1.639390211494174e-05,1.639390211494174e-05,1.6562571545364335e-05,1.6571775631746277e-05,1.768778747646138e-05,1.8134538549929857e-05,2.1597985323751345e-05,2.268344360345509e-05,2.3652039089938626e-05,2.458968447172083e-05,2.557977131800726e-05,2.6620306016411632e-05,2.7507599952514283e-05,2.820072404574603e-05,2.8647258659475483e-05,2.9003735107835382e-05,2.92812201223569e-05,2.9479437216650695e-05,2.9598477340186946e-05,2.9631530196638778e-05,2.968019907712005e-05,2.9692922907997854e-05
Waly_100000_pointcloud,LR_Basic_Prune,0.0,0.0,0.0,0.0,0.0,0.0,1.6074107406893745e-05,1.6074107406893745e-05,1.6375783161493018e-05,1.6375783161493018e-05,1.658460678299889e-05,1.6595438864897005e-05,1.7801223293645307e-05,1.8190807168139145e-05,2.13844050449552e-05,2.23788356379373e-05,2.3284957933356054e-05,2.4243818188551813e-05,2.5239980459446087e-05,2.6229346985928714e-05,2.708303145482205e-05,2.7713811505236663e-05,2.81777793134097e-05,2.856289574992843e-05,2.8855574782937765e-05,2.9080470994813368e-05,2.9238053684821352e-05,2.9262668249430135e-05,2.9321523470571265e-05,2.933585892606061e-05
Bicycle_100000_colored_pointcloud,LR_Basic_Sil_Prune,0.0,0.0,0.0,0.0,0.0,0.0,9.012898090077215e-07,9.012898090077215e-07,9.072257398656802e-07,9.072257398656802e-07,9.147095170192188e-07,9.884105338642257e-07,1.7426464182790369e-06,2.319305849596276e-06,4.594557140080724e-06,5.627028258459177e-06,6.619187843170948e-06,7.621310487593291e-06,8.59450301504694e-06,9.56461371970363e-06,1.032695854519261e-05,1.0926265531452373e-05,1.136967784987064e-05,1.1709271348081529e-05,1.1988023288722616e-05,1.2146776498411782e-05,1.2271735613467172e-05,1.2030548532493412e-05,1.2105829227948561e-05,1.209000765811652e-05
Bicycle_100000_pointcloud,LR_Basic_Sil_Prune,0.0,0.0,0.0,0.0,0.0,0.0,9.24425648918259e-07,9.24425648918259e-07,9.401000511388702e-07,9.401000511388702e-07,9.795953701541293e-07,1.0461332067279727e-06,1.6865828911249992e-06,2.142960966011742e-06,4.062041625729762e-06,5.027299266657792e-06,5.839138339069905e-06,6.655969173152698e-06,7.4092763497901615e-06,8.13591577752959e-06,8.76091780810384e-06,9.22544495551847e-06,9.618797776056454e-06,9.893342394207139e-06,1.0121704690391198e-05,1.0298370398231782e-05,1.0410752111056354e-05,1.0166590072913095e-05,1.0226528502244037e-05,1.0224388461210765e-05
Cat_100000_colored_pointcloud,LR_Basic_Sil_Prune,0.0,0.0,0.0,0.0,0.0,0.0,5.438560606307874e-07,5.438560606307874e-07,5.486047029990004e-07,5.486047029990004e-07,5.684958068741253e-07,6.511728543046047e-07,1.430990892004047e-06,2.0347904410300544e-06,4.6347799980139825e-06,5.985531061014626e-06,7.114255367923761e-06,8.23172740638256e-06,9.412862709723413e-06,1.0474537702975795e-05,1.139752748713363e-05,1.2062217138009146e-05,1.260286990145687e-05,1.302764576394111e-05,1.3377175491768867e-05,1.3624196071759798e-05,1.3823109838995151e-05,1.3443167517834809e-05,1.3531778677133843e-05,1.3520188076654449e-05
Cat_100000_pointcloud,LR_Basic_Sil_Prune,0.0,0.0,0.0,0.0,0.0,0.0,5.204350372878253e-07,5.204350372878253e-07,5.265467848403205e-07,5.265467848403205e-07,5.426055622592685e-07,6.249197781471594e-07,1.4069357803236926e-06,2.055366849162965e-06,4.6910427045077085e-06,5.939939910604153e-06,7.084147910063621e-06,8.226491445384454e-06,9.288456567446701e-06,1.0335714250686578e-05,1.1183167771378066e-05,1.181942116090795e-05,1.2278556823730469e-05,1.2667905139096547e-05,1.2961765605723485e-05,1.317795249633491e-05,1.33521589305019e-05,1.3007946108700708e-05,1.3102256161801051e-05,1.3094449059281033e-05
Chair3Legs_100000_colored_pointcloud,LR_Basic_Sil_Prune,0.0,0.0,0.0,0.0,0.0,0.0,7.965263648657128e-06,7.965263648657128e-06,8.081288797257002e-06,8.081288797257002e-06,8.177643394446932e-06,8.229988452512771e-06,9.000511454360094e-06,9.445072464586701e-06,1.1737811291823164e-05,1.2563468771986663e-05,1.335213255515555e-05,1.4140699931886047e-05,1.4971785276429728e-05,1.5777070075273514e-05,1.6533598682144657e-05,1.7110925909946673e-05,1.755844641593285e-05,1.791577960830182e-05,1.8171738702221774e-05,1.8378181266598403e-05,1.849003638199065e-05,1.8480111975804903e-05,1.8516961063141935e-05,1.852082095865626e-05
Chair3Legs_100000_pointcloud,LR_Basic_Sil_Prune,0.0,0.0,0.0,0.0,0.0,0.0,8.040135980991181e-06,8.040135980991181e-06,8.131623872031923e-06,8.131623872031923e-06,8.22023594082566e-06,8.262612936960068e-06,9.019049684866332e-06,9.410457096237224e-06,1.1767382602556609e-05,1.262520527234301e-05,1.3356779163586907e-05,1.4142882719170302e-05,1.4923891285434365e-05,1.572809378558304e-05,1.6496558600920253e-05,1.707715455268044e-05,1.7498721717856824e-05,1.783218795026187e-05,1.8087162970914505e-05,1.8285747501067817e-05,1.8418242689222097e-05,1.8473789168638177e-05,1.852344212238677e-05,1.853527828643564e-05
Chair_100000_colored_pointcloud,LR_Basic_Sil_Prune,0.0,0.0,0.0,0.0,0.0,0.0,8.352927579835523e-06,8.352927579835523e-06,8.481531949655619e-06,8.481531949655619e-06,8.565162715967745e-06,8.598147360316943e-06,9.339244570583105e-06,9.731570571602788e-06,1.2033064194838516e-05,1.2862882613262627e-05,1.3656861483468674e-05,1.4456287317443639e-05,1.5294814147637226e-05,1.6075204257504083e-05,1.68044280144386e-05,1.7385258615831845e-05,1.7791240679798648e-05,1.8139384337700903e-05,1.8388138414593413e-05,1.856494418461807e-05,1.8693664969759993e-05,1.8679687855183147e-05,1.8720447769737802e-05,1.8727712813415565e-05
Chair_100000_pointcloud,LR_Basic_Sil_Prune,0.0,0.0,0.0,0.0,0.0,0.0,8.36874642118346e-06,8.36874642118346e-06,8.481994882458821e-06,8.481994882458821e-06,8.535233064321801e-06,8.573062586947344e-06,9.328959095000755e-06,9.721041351440363e-06,1.2097903891117312e-05,1.293352761422284e-05,1.3745158867095597e-05,1.4558027032762766e-05,1.53794953803299e-05,1.6224214050453156e-05,1.6940721252467483e-05,1.749992952682078e-05,1.790192982298322e-05,1.821831210691016e-05,1.8444081433699466e-05,1.8603570424602367e-05,1.8711856682784855e-05,1.875200541689992e-05,1.879785122582689e-05,1.8810314941219985e-05
DragonOnWall_100000_colored_pointcloud,LR_Basic_Sil_Prune,0.0,0.0,0.0,0.0,0.0,0.0,1.1227891263843048e-05,1.1227891263843048e-05,1.1445757991168648e-05,1.1445757991168648e-05,1.1659574738587253e-05,1.1671319953165948e-05,1.271318797080312e-05,1.301819702348439e-05,1.5867624824750237e-05,1.6586811398155987e-05,1.723611421766691e-05,1.7879116057883948e-05,1.8579463358037174e-05,1.921545117511414e-05,1.9771945517277345e-05,2.0227782442816533e-05,2.0576149836415425e-05,2.084839616145473e-05,2.1034311430412345e-05,2.120589851983823e-05,2.1321771782822907e-05,2.1098467186675407e-05,2.114973176503554e-05,2.11419137485791e-05
DragonOnWall_100000_pointcloud,LR_Basic_Sil_Prune,0.0,0.0,0.0,0.0,0.0,0.0,1.1232625183765776e-05,1.1232625183765776e-05,1.1493173587950878e-05,1.1493173587950878e-05,1.1611045010795351e-05,1.1628448191913776e-05,1.2541360774775967e-05,1.2822942153434269e-05,1.5145453289733268e-05,1.578923183842562e-05,1.6389061784138903e-05,1.7004806068143807e-05,1.761316161719151e-05,1.8252314475830644e-05,1.8804701539920643e-05,1.9213952327845618e-05,1.9496335880830884e-05,1.974623774003703e-05,1.9941924620070495e-05,2.0081546608707868e-05,2.0177471014903858e-05,1.990892633330077e-05,1.9952518414356746e-05,1.993819205381442e-05
Elephant_100000_colored_pointcloud,LR_Basic_Sil_Prune,0.0,0.0,0.0,0.0,0.0,0.0,1.1942384503527137e-07,1.1942384503527137e-07,1.2139065574956476e-07,1.2139065574956476e-07,1.389801127515966e-07,2.2079424866205954e-07,9.106563538807677e-07,1.4853434322503745e-06,3.700345587276388e-06,4.7696994442958385e-06,5.72877615923062e-06,6.679226316919085e-06,7.598530828545336e-06,8.609171345597133e-06,9.488395335210953e-06,1.0132952411368024e-05,1.0622557965689339e-05,1.100479312299285e-05,1.1337375326547772e-05,1.1553881449799519e-05,1.1745411029551178e-05,1.1667395483527798e-05,1.1737487511709332e-05,1.1747757525881752e-05
Elephant_100000_pointcloud,LR_Basic_Sil_Prune,0.0,0.0,0.0,0.0,0.0,0.0,1.218207046349562e-07,1.218207046349562e-07,1.205102080348297e-07,1.205102080348297e-07,1.3719549940560682e-07,2.136231671556743e-07,8.823961366033473e-07,1.410511003996362e-06,3.606978225434432e-06,4.657905265048612e-06,5.641229108732659e-06,6.621120519412216e-06,7.537096735177329e-06,8.492650522384793e-06,9.31129397940822e-06,9.962595868273638e-06,1.0484218364581466e-05,1.086198153643636e-05,1.1164669558638707e-05,1.1373013876436744e-05,1.153872835857328e-05,1.132583201979287e-05,1.1386418918846175e-05,1.1391906809876673e-05
Fountain_100000_colored_pointcloud,LR_Basic_Sil_Prune,0.0,0.0,0.0,0.0,0.0,0.0,3.125365765299648e-05,3.125365765299648e-05,3.1835195841267705e-05,3.1835195841267705e-05,3.273749825893901e-05,3.2722498872317374e-05,3.491628740448505e-05,3.526636282913387e-05,3.995490988017991e-05,4.094796531717293e-05,4.185115176369436e-05,4.274932507541962e-05,4.3740634282585233e-05,4.485948375076987e-05,4.581626853905618e-05,4.656896635424346e-05,4.709410131908953e-05,4.7493773308815435e-05,4.7769670345587656e-05,4.7988152800826356e-05,4.813511623069644e-05,4.819987225346267e-05,4.82406176161021e-05,4.8251116822939366e-05
Fountain_100000_pointcloud,LR_Basic_Sil_Prune,0.0,0.0,0.0,0.0,0.0,0.0,3.101981565123424e-05,3.101981565123424e-05,3.1587765988660976e-05,3.1587765988660976e-05,3.25552246067673e-05,3.253719114582054e-05,3.490891685942188e-05,3.525496140355244e-05,3.999459295300767e-05,4.087687557330355e-05,4.1778817831072956e-05,4.2700907215476036e-05,4.375159915070981e-05,4.4808824895881116e-05,4.576671199174598e-05,4.648416506825015e-05,4.6961074986029416e-05,4.7322260797955096e-05,4.7619425458833575e-05,4.782217729371041e-05,4.7967900172807276e-05,4.803494084626436e-05,4.808474477613345e-05,4.8099496780196205e-05
House_100000_colored_pointcloud,LR_Basic_Sil_Prune,0.0,0.0,0.0,0.0,0.0,0.0,1.5881058061495423e-05,1.5881058061495423e-05,1.6696432794560678e-05,1.6696432794560678e-05,1.7203356037498452e-05,1.7236779967788607e-05,1.8296046619070694e-05,1.8614182408782654e-05,2.0437641069293022e-05,2.1003019355703145e-05,2.1540037778322585e-05,2.2099802663433366e-05,2.2688294848194346e-05,2.3243374016601592e-05,2.3763070203131065e-05,2.4137891159625724e-05,2.4416836822638288e-05,2.464753924869001e-05,2.4795806893962435e-05,2.4924527679104358e-05,2.500097434676718e-05,2.4276307158288546e-05,2.431418397463858e-05,2.421517092443537e-05
House_100000_pointcloud,LR_Basic_Sil_Prune,0.0,0.0,0.0,0.0,0.0,0.0,1.555034759803675e-05,1.555034759803675e-05,1.626456833037082e-05,1.626456833037082e-05,1.670381607254967e-05,1.672751022852026e-05,1.7697027942631394e-05,1.7940117686521262e-05,1.9580604202928953e-05,2.00754075194709e-05,2.0520859834505245e-05,2.100565870932769e-05,2.1499163267435506e-05,2.2027968952897936e-05,2.246533040306531e-05,2.279063846799545e-05,2.3007123672869056e-05,2.318354745511897e-05,2.330914867343381e-05,2.3399097699439153e-05,2.346662586205639e-05,2.2907752281753346e-05,2.293057696078904e-05,2.2837892174720764e-05
SalingBoat_100000_colored_pointcloud,LR_Basic_Sil_Prune,0.0,0.0,0.0,0.0,0.0,0.0,9.633095032768324e-07,9.633095032768324e-07,9.657433110987768e-07,9.657433110987768e-07,1.0106653007824207e-06,1.0726171240094118e-06,1.5800085293449229e-06,1.891958390842774e-06,3.4769559533742722e-06,4.035618530906504e-06,4.646236902772216e-06,5.245487955107819e-06,5.87230579185416e-06,6.438225682359189e-06,6.942298568901606e-06,7.349099178100005e-06,7.639595423825085e-06,7.84747680881992e-06,7.989636287675239e-06,8.109566806524526e-06,8.191700544557534e-06,8.051157237787265e-06,8.089045877568424e-06,8.088201866485178e-06
SalingBoat_100000_pointcloud,LR_Basic_Sil_Prune,0.0,0.0,0.0,0.0,0.0,0.0,9.787192993826466e-07,9.787192993826466e-07,9.837049219640903e-07,9.837049219640903e-07,1.0381115771451732e-06,1.0977057627314935e-06,1.6347064502042485e-06,1.925426431625965e-06,3.3986789276241325e-06,3.952148290409241e-06,4.481562882574508e-06,4.997639280190924e-06,5.565457286138553e-06,6.096963261370547e-06,6.54532323096646e-06,6.876960469526239e-06,7.133813596738037e-06,7.345797712332569e-06,7.4828740252996795e-06,7.580274541396648e-06,7.662829375476576e-06,7.532040854130173e-06,7.566264230263187e-06,7.5610460044117644e-06
Sniper_100000_colored_pointcloud,LR_Basic_Sil_Prune,0.0,0.0,0.0,0.0,0.0,0.0,0.0,0.0,0.0,0.0,1.4665376468769864e-08,6.63324399852172e-08,4.2486777829253697e-07,6.620907697652001e-07,1.5981945580278989e-06,1.9338879155839095e-06,2.2512426767207216e-06,2.56602538684092e-06,2.8701251721940935e-06,3.2032862691266928e-06,3.5042614854319254e-06,3.6948697470506886e-06,3.851004748867126e-06,3.975385425292188e-06,4.0608983908896334e-06,4.134866685490124e-06,4.193998393020593e-06,4.0743216231931e-06,4.094456016900949e-06,4.090312359039672e-06
Sniper_100000_pointcloud,LR_Basic_Sil_Prune,0.0,0.0,0.0,0.0,0.0,0.0,0.0,0.0,0.0,0.0,1.518705872172177e-08,6.305094757408369e-08,4.044368608902005e-07,6.161428700579563e-07,1.4924261222404311e-06,1.8687735519051785e-06,2.1754292447440093e-06,2.465817942720605e-06,2.7569737994781462e-06,3.067994384764461e-06,3.333757831569528e-06,3.497561692711315e-06,3.644101298050373e-06,3.755499847102328e-06,3.835526058537653e-06,3.892850600095699e-06,3.939757789339637e-06,3.7995682760083582e-06,3.819592166109942e-06,3.81416384698241e-06
Sofa_100000_colored_pointcloud,LR_Basic_Sil_Prune,0.0,0.0,0.0,0.0,0.0,0.0,1.1924956197617576e-05,1.1924956197617576e-05,1.2240838259458542e-05,1.2240838259458542e-05,1.2461272490327246e-05,1.2500930097303353e-05,1.3394908819464035e-05,1.3809118172503076e-05,1.6236288502113894e-05,1.7078928067348897e-05,1.7830343495006673e-05,1.8589027604321018e-05,1.9388597138458863e-05,2.0136814782745205e-05,2.0841625882894732e-05,2.1377732991822995e-05,2.1765796191175468e-05,2.2066551537136547e-05,2.2259649995248765e-05,2.2415075363824144e-05,2.2526506654685363e-05,2.2533986339112744e-05,2.2581190933124162e-05,2.258737185911741e-05
Sofa_100000_pointcloud,LR_Basic_Sil_Prune,0.0,0.0,0.0,0.0,0.0,0.0,1.1827057278424036e-05,1.1827057278424036e-05,1.2142596460762434e-05,1.2142596460762434e-05,1.238949153048452e-05,1.2433945812517777e-05,1.3277316611493006e-05,1.3676576600119006e-05,1.601767144165933e-05,1.681424691923894e-05,1.7537089661345817e-05,1.825819708756171e-05,1.9051154595217668e-05,1.9811066522379406e-05,2.0487565052462742e-05,2.0977673557354137e-05,2.138051058864221e-05,2.1701051082345657e-05,2.1929714421276003e-05,2.208733894804027e-05,2.2201184037839994e-05,2.2191316020325758e-05,2.2237996745388955e-05,2.2247339074965566e-05
SpaceShipMaybe_100000_colored_pointcloud,LR_Basic_Sil_Prune,0.0,0.0,0.0,0.0,0.0,0.0,5.428825261333259e-06,5.428825261333259e-06,5.46146748092724e-06,5.46146748092724e-06,5.573691851168405e-06,5.622416665573837e-06,6.379136721079703e-06,6.764093996025622e-06,8.896598956198432e-06,9.770017641130835e-06,1.0581275091681164e-05,1.1398247806937434e-05,1.2240391697559971e-05,1.309912113356404e-05,1.3835219760949258e-05,1.4363802620209754e-05,1.481380604673177e-05,1.5112655091797933e-05,1.5363410057034343e-05,1.5527177311014384e-05,1.5638943295925856e-05,1.5687794075347483e-05,1.5717507267254405e-05,1.5728352082078345e-05
SpaceShipMaybe_100000_pointcloud,LR_Basic_Sil_Prune,0.0,0.0,0.0,0.0,0.0,0.0,5.514271379070124e-06,5.514271379070124e-06,5.607057573797647e-06,5.607057573797647e-06,5.700219844584353e-06,5.754242010880262e-06,6.53086726742913e-06,6.927070899109822e-06,9.038659300131258e-06,9.903968020807952e-06,1.0717218174249865e-05,1.1571661161724478e-05,1.2439233614713885e-05,1.3313943782122806e-05,1.4037068467587233e-05,1.4572324289474636e-05,1.4983079381636344e-05,1.5306908608181402e-05,1.5552905097138137e-05,1.5718722352175973e-05,1.583946868777275e-05,1.5890544091234915e-05,1.5925577827147208e-05,1.593736669747159e-05
Tree_100000_colored_pointcloud,LR_Basic_Sil_Prune,0.0,0.0,0.0,0.0,0.0,0.0,1.3664001698998618e-06,1.3664001698998618e-06,1.3719296703129658e-06,1.3719296703129658e-06,1.40159033890086e-06,1.4782223161091679e-06,2.175833287765272e-06,2.6923983114102157e-06,5.078975846117828e-06,6.129218945716275e-06,7.091352017596364e-06,8.117325705825351e-06,9.167130883724894e-06,1.0296816981281154e-05,1.1313524737488478e-05,1.2066481758665759e-05,1.2603260984178632e-05,1.303789576923009e-05,1.3373347428569105e-05,1.3628378837893251e-05,1.3798568943457212e-05,1.385937775921775e-05,1.3921764548285864e-05,1.393678758176975e-05
Tree_100000_pointcloud,LR_Basic_Sil_Prune,0.0,0.0,0.0,0.0,0.0,0.0,1.5179330148384906e-06,1.5179330148384906e-06,1.5284949768101797e-06,1.5284949768101797e-06,1.5595887816743925e-06,1.633659621802508e-06,2.3413456347043393e-06,2.8492927413026337e-06,5.239805432211142e-06,6.2835251810611226e-06,7.243514119181782e-06,8.253498890553601e-06,9.275637239625212e-06,1.033536136674229e-05,1.1226936294406187e-05,1.1906538020411972e-05,1.2447061635612044e-05,1.2862250514444895e-05,1.315467306994833e-05,1.3371645763982087e-05,1.3536012374970596e-05,1.3568654139817227e-05,1.362330476695206e-05,1.3632812624564394e-05
Truck_100000_colored_pointcloud,LR_Basic_Sil_Prune,0.0,0.0,0.0,0.0,0.0,0.0,1.1684262517519528e-06,1.1684262517519528e-06,1.1745260053430684e-06,1.1745260053430684e-06,1.1975204188274802e-06,1.2654541023948696e-06,1.8833679860108532e-06,2.2748129140381934e-06,4.169203748460859e-06,4.927707777824253e-06,5.600487384072039e-06,6.2562012317357585e-06,6.904659130668733e-06,7.626898877788335e-06,8.181923476513475e-06,8.591501682531089e-06,8.956095371104311e-06,9.204952220898122e-06,9.375047739013098e-06,9.543680789647624e-06,9.63345246418612e-06,9.652327207732014e-06,9.685170880402438e-06,9.696561392047442e-06
Truck_100000_pointcloud,LR_Basic_Sil_Prune,0.0,0.0,0.0,0.0,0.0,0.0,1.2110610896343132e-06,1.2110610896343132e-06,1.2145032997068483e-06,1.2145032997068483e-06,1.2417626749083865e-06,1.3000060334888985e-06,1.894936303870054e-06,2.2695585357723758e-06,4.1200046325684525e-06,4.847276159125613e-06,5.525013875740115e-06,6.143454356788425e-06,6.810944796598051e-06,7.458135769411456e-06,8.04167939350009e-06,8.462930964014959e-06,8.789423191046808e-06,9.031788977154065e-06,9.227817827195395e-06,9.357322596770246e-06,9.456220141146332e-06,9.489766853221226e-06,9.52199479797855e-06,9.530814168101642e-06
Waly_100000_colored_pointcloud,LR_Basic_Sil_Prune,0.0,0.0,0.0,0.0,0.0,0.0,1.6212936316151172e-05,1.6212936316151172e-05,1.656705717323348e-05,1.656705717323348e-05,1.6841233446029946e-05,1.685722600086592e-05,1.810955654946156e-05,1.8533102775109e-05,2.1818756067659706e-05,2.2951207938604057e-05,2.3992808564798906e-05,2.5044013455044478e-05,2.6127872843062505e-05,2.723322540987283e-05,2.812173443089705e-05,2.877297083614394e-05,2.9326767617021687e-05,2.9728151275776327e-05,3.0028948458493687e-05,3.023682802449912e-05,3.0364857593667693e-05,3.040408410015516e-05,3.04579170915531e-05,3.047290738322772e-05
Waly_100000_pointcloud,LR_Basic_Sil_Prune,0.0,0.0,0.0,0.0,0.0,0.0,1.6143454558914527e-05,1.6143454558914527e-05,1.6485833839396946e-05,1.6485833839396946e-05,1.661068199609872e-05,1.6622569091850892e-05,1.7663714970694855e-05,1.8075616026180796e-05,2.1252239093882963e-05,2.2205867935554124e-05,2.3145927116274834e-05,2.4046101316343993e-05,2.4960623704828322e-05,2.5972169169108383e-05,2.6790543415700085e-05,2.7380130632082e-05,2.78502338915132e-05,2.8205966373207048e-05,2.8484477297752164e-05,2.8671904146904126e-05,2.8815124096581712e-05,2.8863345505669713e-05,2.8913931600982323e-05,2.8925922379130498e-05
Bicycle_100000_colored_pointcloud,LR_Basic_pen_Prune,0.0,0.0,0.0,0.0,0.0,0.0,9.170370276478934e-07,9.170370276478934e-07,9.225377652910538e-07,9.225377652910538e-07,9.368789051222848e-07,1.0126669849341852e-06,1.7503957678854931e-06,2.372790731897112e-06,4.600657121045515e-06,5.631262411043281e-06,6.64847539155744e-06,7.679888767597731e-06,8.623648682259955e-06,9.547834451950621e-06,1.0326582923880778e-05,1.0950378964480478e-05,1.1358190022292547e-05,1.1696381079673301e-05,1.197928941110149e-05,1.2198681361041963e-05,1.2331040124990977e-05,1.2071489436493721e-05,1.2137563317082822e-05,1.2138050806242973e-05
Bicycle_100000_pointcloud,LR_Basic_pen_Prune,0.0,0.0,0.0,0.0,0.0,0.0,9.136279004451353e-07,9.136279004451353e-07,9.322562846136861e-07,9.322562846136861e-07,9.565416121404269e-07,1.0255978395434795e-06,1.7005179415718885e-06,2.1633316009683767e-06,4.126560270378832e-06,5.00179248774657e-06,5.823849278385751e-06,6.619874511670787e-06,7.405981250485638e-06,8.199343938031234e-06,8.859320587362163e-06,9.305163075623568e-06,9.6367248261231e-06,9.904668331728317e-06,1.0104615284944884e-05,1.0252628271700814e-05,1.0374169505666941e-05,1.0200074029853567e-05,1.0260609087708872e-05,1.0264826414640993e-05
Cat_100000_colored_pointcloud,LR_Basic_pen_Prune,0.0,0.0,0.0,0.0,0.0,0.0,5.236891524873499e-07,5.236891524873499e-07,5.280624009174062e-07,5.280624009174062e-07,5.649732770507399e-07,6.509866352644167e-07,1.4251741049520206e-06,2.0300806227169232e-06,4.73872569273226e-06,6.130749170552008e-06,7.450007615261711e-06,8.576587788411416e-06,9.726383723318577e-06,1.0747634405561257e-05,1.167703067039838e-05,1.238117602042621e-05,1.2936896382598206e-05,1.336291097686626e-05,1.3685235899174586e-05,1.3917356227466371e-05,1.410441291227471e-05,1.3709222912439145e-05,1.3795252016279846e-05,1.3787915122520644e-05
Cat_100000_pointcloud,LR_Basic_pen_Prune,0.0,0.0,0.0,0.0,0.0,0.0,5.254266284282494e-07,5.254266284282494e-07,5.272182193039043e-07,5.272182193039043e-07,5.549574098040466e-07,6.364597879837675e-07,1.4064634115129593e-06,2.0533777842501877e-06,4.76402647109353e-06,6.0297725212876685e-06,7.1962376750889234e-06,8.321982022607699e-06,9.299388693762012e-06,1.0315348845324479e-05,1.1159965652041137e-05,1.177630929305451e-05,1.2291325219848659e-05,1.2703126230917405e-05,1.3023801329836715e-05,1.3241238775663078e-05,1.3404520359472372e-05,1.2953998520970345e-05,1.303906537941657e-05,1.3026047781750094e-05
Chair3Legs_100000_colored_pointcloud,LR_Basic_pen_Prune,0.0,0.0,0.0,0.0,0.0,0.0,7.94131847214885e-06,7.94131847214885e-06,8.021559551707469e-06,8.021559551707469e-06,8.133101800922304e-06,8.186643754015677e-06,9.00806026038481e-06,9.428613338968717e-06,1.1628022548393346e-05,1.2419252016115934e-05,1.3169394151191227e-05,1.3939135897089727e-05,1.4801413271925412e-05,1.5604084182996303e-05,1.6353731552953832e-05,1.6915448213694617e-05,1.737009188218508e-05,1.7653044778853655e-05,1.789108500815928e-05,1.8070664737024345e-05,1.8188642570748925e-05,1.8184706277679652e-05,1.8225648091174662e-05,1.8227910913992673e-05
Chair3Legs_100000_pointcloud,LR_Basic_pen_Prune,0.0,0.0,0.0,0.0,0.0,0.0,7.954760803841054e-06,7.954760803841054e-06,8.055309081100859e-06,8.055309081100859e-06,8.146427717292681e-06,8.194941983674653e-06,8.949094990384765e-06,9.327434781880584e-06,1.1684995115501806e-05,1.2460553080018144e-05,1.3238335668575019e-05,1.396546940668486e-05,1.4721525985805783e-05,1.547084320918657e-05,1.6134428733494133e-05,1.667162541707512e-05,1.7079830286093056e-05,1.739418257784564e-05,1.7612021110835485e-05,1.7783266230253503e-05,1.790151873137802e-05,1.7915173884830438e-05,1.7965779989026487e-05,1.7965485312743112e-05
Chair_100000_colored_pointcloud,LR_Basic_pen_Prune,0.0,0.0,0.0,0.0,0.0,0.0,8.347138646058738e-06,8.347138646058738e-06,8.443877959507518e-06,8.443877959507518e-06,8.535834240319673e-06,8.572907972848043e-06,9.342721568827983e-06,9.708360266813543e-06,1.2031390724587254e-05,1.2848720871261321e-05,1.363258979836246e-05,1.4402137821889482e-05,1.5175327462202404e-05,1.5999150491552427e-05,1.6749827409512363e-05,1.7288863091380335e-05,1.7692160326987505e-05,1.803906707209535e-05,1.8292666936758906e-05,1.8489969079382718e-05,1.8623110008775257e-05,1.8633472791407257e-05,1.8676768377190456e-05,1.8683786038309336e-05
Chair_100000_pointcloud,LR_Basic_pen_Prune,0.0,0.0,0.0,0.0,0.0,0.0,8.355241334356833e-06,8.355241334356833e-06,8.437991709797643e-06,8.437991709797643e-06,8.549736776330974e-06,8.587395313952584e-06,9.390102604811545e-06,9.781902917893603e-06,1.2196739589853678e-05,1.3033759387326427e-05,1.381645051878877e-05,1.4597277186112478e-05,1.5465497199329548e-05,1.6290110579575412e-05,1.700486973277293e-05,1.7586837202543393e-05,1.7993264918914065e-05,1.832392081269063e-05,1.8569240637589246e-05,1.875351881608367e-05,1.8891858417191543e-05,1.8887678379542194e-05,1.893296757771168e-05,1.8942308088298887e-05
DragonOnWall_100000_colored_pointcloud,LR_Basic_pen_Prune,0.0,0.0,0.0,0.0,0.0,0.0,1.1177338819834404e-05,1.1177338819834404e-05,1.145204805652611e-05,1.145204805652611e-05,1.1712138075381517e-05,1.1722833733074367e-05,1.2823089491575956e-05,1.3123186363372952e-05,1.600534960743971e-05,1.6706759197404608e-05,1.7352551367366686e-05,1.7993568690144457e-05,1.864267142082099e-05,1.9290382624603808e-05,1.989562952076085e-05,2.035311990766786e-05,2.071088965749368e-05,2.0968398530385457e-05,2.116083851433359e-05,2.1317706341505982e-05,2.1434429072542116e-05,2.1215120796114206e-05,2.125999890267849e-05,2.12555933103431e-05
DragonOnWall_100000_pointcloud,LR_Basic_pen_Prune,0.0,0.0,0.0,0.0,0.0,0.0,1.1090768566646148e-05,1.1090768566646148e-05,1.1275170436420012e-05,1.1275170436420012e-05,1.1410376828280278e-05,1.1425043339841068e-05,1.2301589777052868e-05,1.2563688869704492e-05,1.4815754184382968e-05,1.5411020285682753e-05,1.594143031979911e-05,1.6545856851735152e-05,1.7163487427751534e-05,1.782318577170372e-05,1.837526542658452e-05,1.8813843780662864e-05,1.9136134142172523e-05,1.9404227714403532e-05,1.9611912648542784e-05,1.9776085537159815e-05,1.989050542761106e-05,1.9562390662031248e-05,1.9611921743489802e-05,1.9597922801040113e-05
Elephant_100000_colored_pointcloud,LR_Basic_pen_Prune,0.0,0.0,0.0,0.0,0.0,0.0,1.193731122839381e-07,1.193731122839381e-07,1.2040193553275458e-07,1.2040193553275458e-07,1.412700783021137e-07,2.2296120505416184e-07,9.25392669159919e-07,1.4737817082277616e-06,3.6779665606445633e-06,4.758001068694284e-06,5.7358197409485e-06,6.7027503973804414e-06,7.619768439326435e-06,8.64266257849522e-06,9.498355211690068e-06,1.0172619113291148e-05,1.0657320672180504e-05,1.1067486411775462e-05,1.138033258030191e-05,1.1601970982155763e-05,1.1772843208746053e-05,1.1725972399290185e-05,1.1791952601925004e-05,1.1796106264228001e-05
Elephant_100000_pointcloud,LR_Basic_pen_Prune,0.0,0.0,0.0,0.0,0.0,0.0,1.2184263198378176e-07,1.2184263198378176e-07,1.2219778966482409e-07,1.2219778966482409e-07,1.4152628580177407e-07,2.2127144916339603e-07,9.022007247949659e-07,1.4503630154649727e-06,3.646504637799808e-06,4.629206614481518e-06,5.513581527338829e-06,6.428716915252153e-06,7.386159722955199e-06,8.37742118164897e-06,9.205922651744913e-06,9.8208374765818e-06,1.0314382961951196e-05,1.070557573257247e-05,1.1008036381099373e-05,1.1230751624680124e-05,1.1408991667849477e-05,1.1305690350127406e-05,1.137151411967352e-05,1.1374098903615959e-05
Fountain_100000_colored_pointcloud,LR_Basic_pen_Prune,0.0,0.0,0.0,0.0,0.0,0.0,3.1317646062234417e-05,3.1317646062234417e-05,3.1944160582497716e-05,3.1944160582497716e-05,3.29602335114032e-05,3.2953561458271e-05,3.508215013425797e-05,3.538298551575281e-05,3.9939994167070836e-05,4.085742693860084e-05,4.1707593481987715e-05,4.265603638486937e-05,4.374189302325249e-05,4.4729233195539564e-05,4.568635631585494e-05,4.642219573725015e-05,4.691129652201198e-05,4.7281282604672015e-05,4.7557718062307686e-05,4.77456851513125e-05,4.7879100748104975e-05,4.794972846866585e-05,4.7999710659496486e-05,4.800887836609036e-05
Fountain_100000_pointcloud,LR_Basic_pen_Prune,0.0,0.0,0.0,0.0,0.0,0.0,3.0923951271688566e-05,3.0923951271688566e-05,3.141785055049695e-05,3.141785055049695e-05,3.247921995352954e-05,3.2462921808473766e-05,3.465029294602573e-05,3.497098441584967e-05,3.9620364987058565e-05,4.047450784128159e-05,4.13419256801717e-05,4.226597957313061e-05,4.323366010794416e-05,4.417208765516989e-05,4.5037151721771806e-05,4.574899867293425e-05,4.6271918108686805e-05,4.6675646444782615e-05,4.6942990593379363e-05,4.714880196843296e-05,4.7285535401897505e-05,4.735992115456611e-05,4.740823351312429e-05,4.7421272029168904e-05
House_100000_colored_pointcloud,LR_Basic_pen_Prune,0.0,0.0,0.0,0.0,0.0,0.0,1.5973648260114715e-05,1.5973648260114715e-05,1.6746307665016502e-05,1.6746307665016502e-05,1.7229136574314907e-05,1.725582842482254e-05,1.8160462786909193e-05,1.844366852310486e-05,2.033834061876405e-05,2.095269155688584e-05,2.144849167962093e-05,2.2017498849891126e-05,2.257414053019602e-05,2.3197941118269227e-05,2.3706390493316576e-05,2.4100485461531207e-05,2.4413577193627134e-05,2.462994962115772e-05,2.4775374185992405e-05,2.4906350517994724e-05,2.498700632713735e-05,2.4259561541839503e-05,2.42972128035035e-05,2.41878442466259e-05
House_100000_pointcloud,LR_Basic_pen_Prune,0.0,0.0,0.0,0.0,0.0,0.0,1.5531015378655866e-05,1.5531015378655866e-05,1.6349407815141603e-05,1.6349407815141603e-05,1.6612222680123523e-05,1.6639263776596636e-05,1.7592701624380425e-05,1.783427069312893e-05,1.956280175363645e-05,2.0065141143277287e-05,2.0551495254039764e-05,2.1067800844321027e-05,2.1571639081230387e-05,2.2125523173599504e-05,2.2604752302868292e-05,2.291206328663975e-05,2.3153172151069157e-05,2.3343771317740902e-05,2.3494561901316047e-05,2.3606442482559942e-05,2.3670390874031e-05,2.3171993234427646e-05,2.3201175281428732e-05,2.313375625817571e-05
SalingBoat_100000_colored_pointcloud,LR_Basic_pen_Prune,0.0,0.0,0.0,0.0,0.0,0.0,9.664604476711247e-07,9.664604476711247e-07,9.679017693997594e-07,9.679017693997594e-07,9.966120160243008e-07,1.050466039487219e-06,1.5571647509204922e-06,1.879754677247547e-06,3.409924374864204e-06,4.069411261298228e-06,4.639608960133046e-06,5.19297373102745e-06,5.741859240515623e-06,6.342396773106884e-06,6.862512236693874e-06,7.2253960752277635e-06,7.4916133598890156e-06,7.697351975366473e-06,7.861336598580237e-06,7.977954737725668e-06,8.07054584583966e-06,7.909586202003993e-06,7.944459866848774e-06,7.939885108498856e-06
SalingBoat_100000_pointcloud,LR_Basic_pen_Prune,0.0,0.0,0.0,0.0,0.0,0.0,9.709086725706584e-07,9.709086725706584e-07,9.759677368492703e-07,9.759677368492703e-07,1.025903884510626e-06,1.0849581713046064e-06,1.6350812757082167e-06,1.926613549585454e-06,3.3983897083089687e-06,3.983989699918311e-06,4.506960067374166e-06,5.017955118091777e-06,5.524351763597224e-06,6.0060287978558335e-06,6.466597369580995e-06,6.830685379100032e-06,7.088676284183748e-06,7.3026067184400745e-06,7.434091003233334e-06,7.53551239540684e-06,7.6116248237667605e-06,7.464831469405908e-06,7.498215381929185e-06,7.494439614674775e-06
Sniper_100000_colored_pointcloud,LR_Basic_pen_Prune,0.0,0.0,0.0,0.0,0.0,0.0,0.0,0.0,0.0,0.0,1.4769720557694654e-08,6.439648814193788e-08,4.1177960952154535e-07,6.487501877927571e-07,1.61557647970767e-06,2.0056916127941804e-06,2.3488414626626763e-06,2.682633294170955e-06,3.015934680661303e-06,3.351870418555336e-06,3.658071136669605e-06,3.881897555402247e-06,4.061451818415662e-06,4.187404101685388e-06,4.270698809705209e-06,4.348703441792168e-06,4.404899755172664e-06,4.2843589653784875e-06,4.302295110392151e-06,4.299458396417322e-06
Sniper_100000_pointcloud,LR_Basic_pen_Prune,0.0,0.0,0.0,0.0,0.0,0.0,0.0,0.0,0.0,0.0,1.4579640605916211e-08,6.483336534301998e-08,4.021889594696404e-07,6.232382929738378e-07,1.5174692862274242e-06,1.86172837857157e-06,2.178459226342966e-06,2.4945543373178225e-06,2.8128201847721357e-06,3.1016177217679797e-06,3.347112851770362e-06,3.5107163967040833e-06,3.6669000564870657e-06,3.767991074710153e-06,3.861394361592829e-06,3.932272193196695e-06,3.976765583502129e-06,3.864951850118814e-06,3.8822809074190445e-06,3.87696400139248e-06
Sofa_100000_colored_pointcloud,LR_Basic_pen_Prune,0.0,0.0,0.0,0.0,0.0,0.0,1.1903979611815885e-05,1.1903979611815885e-05,1.2261741176189389e-05,1.2261741176189389e-05,1.2489066648413427e-05,1.2528379556897562e-05,1.3467340977513231e-05,1.3889357433072291e-05,1.637693276279606e-05,1.7231146557605825e-05,1.8006609025178477e-05,1.8824761355062947e-05,1.9635335775092244e-05,2.0437335479073226e-05,2.1137740986887366e-05,2.1669497073162347e-05,2.2073578293202445e-05,2.2386069758795202e-05,2.2611078748013824e-05,2.2756208636565134e-05,2.2869298845762387e-05,2.2859403543407097e-05,2.290150587214157e-05,2.2905092919245362e-05
Sofa_100000_pointcloud,LR_Basic_pen_Prune,0.0,0.0,0.0,0.0,0.0,0.0,1.1868660294567235e-05,1.1868660294567235e-05,1.225424693984678e-05,1.225424693984678e-05,1.2444086678442545e-05,1.2478661119530443e-05,1.3451187442115042e-05,1.3875976037525106e-05,1.6200821846723557e-05,1.6990568838082254e-05,1.7761030903784558e-05,1.8504979379940778e-05,1.9249884644523263e-05,2.001494067371823e-05,2.076031523756683e-05,2.1281184672261588e-05,2.1681438738596626e-05,2.1974239643896e-05,2.2207719666766934e-05,2.2368829377228394e-05,2.2496096789836884e-05,2.2493024516734295e-05,2.2535987227456644e-05,2.2542128135683015e-05
SpaceShipMaybe_100000_colored_pointcloud,LR_Basic_pen_Prune,0.0,0.0,0.0,0.0,0.0,0.0,5.4266279221337754e-06,5.4266279221337754e-06,5.438568223326001e-06,5.438568223326001e-06,5.5428217820008285e-06,5.593677087745164e-06,6.300188488239655e-06,6.688537723675836e-06,8.883631380740553e-06,9.70937435340602e-06,1.0528672646614723e-05,1.1400496987334918e-05,1.2242680895724334e-05,1.3118674360157456e-05,1.3870991097064689e-05,1.4437130630540196e-05,1.484748918301193e-05,1.515724761702586e-05,1.5396642993437126e-05,1.5564801287837327e-05,1.569013147673104e-05,1.575154601596296e-05,1.579765921633225e-05,1.5808662283234298e-05
SpaceShipMaybe_100000_pointcloud,LR_Basic_pen_Prune,0.0,0.0,0.0,0.0,0.0,0.0,5.444807356980164e-06,5.444807356980164e-06,5.60330909138429e-06,5.60330909138429e-06,5.703885108232498e-06,5.755589882028289e-06,6.4376899899798445e-06,6.830951861047652e-06,9.01772546058055e-06,9.917010174831375e-06,1.0760510122054256e-05,1.1589239875320345e-05,1.2464885003282689e-05,1.3343332284421194e-05,1.4106237358646467e-05,1.4639626897405833e-05,1.504688862041803e-05,1.5355188224930316e-05,1.559593147248961e-05,1.578414776304271e-05,1.588769373483956e-05,1.595143294252921e-05,1.598886592546478e-05,1.5996231013559736e-05
Tree_100000_colored_pointcloud,LR_Basic_pen_Prune,0.0,0.0,0.0,0.0,0.0,0.0,1.3619758192362497e-06,1.3619758192362497e-06,1.362466946375207e-06,1.362466946375207e-06,1.391847945342306e-06,1.467370793761802e-06,2.2255012481764425e-06,2.748945462371921e-06,5.125662937643938e-06,6.236945864657173e-06,7.2073644332704134e-06,8.315155355376191e-06,9.430612408323213e-06,1.0608326192595996e-05,1.1559038284758572e-05,1.2277601854293607e-05,1.2896362932224292e-05,1.3334026334632654e-05,1.3694417248188984e-05,1.3951126675237902e-05,1.4132079741102643e-05,1.4207270396582317e-05,1.4273484339355491e-05,1.4291762454377022e-05
Tree_100000_pointcloud,LR_Basic_pen_Prune,0.0,0.0,0.0,0.0,0.0,0.0,1.518681415291212e-06,1.518681415291212e-06,1.5258513030858012e-06,1.5258513030858012e-06,1.5578211787214968e-06,1.6336716726073064e-06,2.37089170695981e-06,2.8785227641492384e-06,5.295654773362912e-06,6.323389243334532e-06,7.313844434975181e-06,8.330148375534918e-06,9.40542304306291e-06,1.0450386980664916e-05,1.1406064913899172e-05,1.2108150258427486e-05,1.2671984222833999e-05,1.307480033574393e-05,1.3414314707915764e-05,1.3672429304278921e-05,1.3859147657058202e-05,1.3921831850893795e-05,1.3988412320031784e-05,1.4003400792717002e-05
Truck_100000_colored_pointcloud,LR_Basic_pen_Prune,0.0,0.0,0.0,0.0,0.0,0.0,1.1630802418949315e-06,1.1630802418949315e-06,1.1677734619297553e-06,1.1677734619297553e-06,1.1872886034325347e-06,1.2500247521529673e-06,1.8903241425505257e-06,2.3253824110724963e-06,4.208657173876418e-06,4.99040925205918e-06,5.698088898498099e-06,6.3972884163376875e-06,7.061284122755751e-06,7.740241926512681e-06,8.364942914340645e-06,8.825661097944248e-06,9.148853678198066e-06,9.398094334756024e-06,9.590357876732014e-06,9.739119377627503e-06,9.835324817686342e-06,9.852384209807497e-06,9.893048627418466e-06,9.89841646514833e-06
Truck_100000_pointcloud,LR_Basic_pen_Prune,0.0,0.0,0.0,0.0,0.0,0.0,1.2279562042749603e-06,1.2279562042749603e-06,1.2328493994573364e-06,1.2328493994573364e-06,1.2702296317002038e-06,1.327055770161678e-06,1.9114411315968027e-06,2.301289669048856e-06,4.110894224140793e-06,4.819568857783452e-06,5.470168616739102e-06,6.097247478464851e-06,6.763552391930716e-06,7.401214134006295e-06,7.972512321430258e-06,8.400910701311659e-06,8.726326996111311e-06,8.967721441877075e-06,9.13750318431994e-06,9.265934750146698e-06,9.350439540867228e-06,9.374562978337053e-06,9.40789050218882e-06,9.417994078830816e-06
Waly_100000_colored_pointcloud,LR_Basic_pen_Prune,0.0,0.0,0.0,0.0,0.0,0.0,1.5979292584233917e-05,1.5979292584233917e-05,1.6443926142528653e-05,1.6443926142528653e-05,1.6704407244105823e-05,1.6713776858523488e-05,1.7887536159832962e-05,1.833961323427502e-05,2.1695423129131086e-05,2.2825206542620435e-05,2.379560100962408e-05,2.4846896849339828e-05,2.5885219656629488e-05,2.688961467356421e-05,2.7801619580714032e-05,2.8443715564208105e-05,2.8920596378156915e-05,2.929849870270118e-05,2.9578393878182396e-05,2.9788225219817832e-05,2.9943461413495243e-05,2.9989754693815485e-05,3.0041301215533167e-05,3.0053566661081277e-05
Waly_100000_pointcloud,LR_Basic_pen_Prune,0.0,0.0,0.0,0.0,0.0,0.0,1.6040141417761333e-05,1.6040141417761333e-05,1.6491050701006316e-05,1.6491050701006316e-05,1.6766647604526952e-05,1.6773246898083016e-05,1.793844421627e-05,1.832714769989252e-05,2.1598127204924822e-05,2.2596164853894152e-05,2.3519980459241197e-05,2.444455458316952e-05,2.5343873858219013e-05,2.6290186724509113e-05,2.7140818929183297e-05,2.7740976292989217e-05,2.821931047947146e-05,2.8605871193576604e-05,2.8899543394800276e-05,2.9110224204487167e-05,2.9260594601510093e-05,2.9311351681826636e-05,2.936253440566361e-05,2.9377366445260122e-05
Bicycle_100000_colored_pointcloud,LR_Basic_sds_Prune,0.0,0.0,0.0,0.0,0.0,0.0,9.088628303288715e-07,9.088628303288715e-07,9.239992095899652e-07,9.239992095899652e-07,9.343687565888104e-07,1.0102909300258034e-06,1.8053830217468203e-06,2.383717401244212e-06,4.603699380822945e-06,5.645900273520965e-06,6.567355740116909e-06,7.507233021897264e-06,8.503255230607465e-06,9.522467735223472e-06,1.034067554428475e-05,1.0962401574943215e-05,1.140023596235551e-05,1.1748786164389458e-05,1.2027831871819217e-05,1.2251219231984578e-05,1.239727407664759e-05,1.2130831237300299e-05,1.2201324352645315e-05,1.2196119314467069e-05
Bicycle_100000_pointcloud,LR_Basic_sds_Prune,0.0,0.0,0.0,0.0,0.0,0.0,9.14591396394826e-07,9.14591396394826e-07,9.248623200619477e-07,9.248623200619477e-07,9.458441923015926e-07,1.015235397971992e-06,1.6928521517911577e-06,2.1569017008005176e-06,4.146002538618632e-06,4.992332378606079e-06,5.797471658297582e-06,6.600276265089633e-06,7.396753971988801e-06,8.19421165942913e-06,8.842096576699987e-06,9.304282684752252e-06,9.643585144658573e-06,9.90617809293326e-06,1.0130328519153409e-05,1.0280317837896291e-05,1.0379430023021996e-05,1.0164247214561328e-05,1.0218820534646511e-05,1.0223599019809626e-05
Cat_100000_colored_pointcloud,LR_Basic_sds_Prune,0.0,0.0,0.0,0.0,0.0,0.0,5.297816301208513e-07,5.297816301208513e-07,5.314765871844429e-07,5.314765871844429e-07,5.545518320104748e-07,6.384129278558248e-07,1.3987249758429243e-06,2.01204215954931e-06,4.556201929517556e-06,5.829379915667232e-06,6.974243660806678e-06,8.109529517241754e-06,9.220876563631464e-06,1.0267459401802626e-05,1.1201429515494965e-05,1.1861402526847087e-05,1.2395371413731482e-05,1.2793505447916687e-05,1.3091058463032823e-05,1.333817999693565e-05,1.352986873826012e-05,1.3170486454328056e-05,1.3252880307845771e-05,1.3252421013021376e-05
Cat_100000_pointcloud,LR_Basic_sds_Prune,0.0,0.0,0.0,0.0,0.0,0.0,5.331719989953854e-07,5.331719989953854e-07,5.357734380595502e-07,5.357734380595502e-07,5.588941576206707e-07,6.40520511296927e-07,1.4178048104440677e-06,2.015318159465096e-06,4.685422027250752e-06,5.903437340748496e-06,7.033404472167604e-06,8.134556992445141e-06,9.157919521385338e-06,1.0129500878974795e-05,1.0931946235359646e-05,1.1565185559447855e-05,1.2047246855217963e-05,1.2412572687026113e-05,1.267972584173549e-05,1.2896615771751385e-05,1.30573434944381e-05,1.2618318578461185e-05,1.270528809982352e-05,1.2692147720372304e-05
Chair3Legs_100000_colored_pointcloud,LR_Basic_sds_Prune,0.0,0.0,0.0,0.0,0.0,0.0,7.937187547213398e-06,7.937187547213398e-06,8.062740562309045e-06,8.062740562309045e-06,8.147551852744073e-06,8.197457646019757e-06,8.92958814802114e-06,9.368663086206652e-06,1.165304820460733e-05,1.2517913091869559e-05,1.3280461644171737e-05,1.4079985703574494e-05,1.489875739935087e-05,1.57332015078282e-05,1.651549609960057e-05,1.7086083971662447e-05,1.7540853150421754e-05,1.7881875464809127e-05,1.8137092411052436e-05,1.8327256839256734e-05,1.8457398255122826e-05,1.8317206922802143e-05,1.835922921600286e-05,1.8368260498391464e-05
Chair3Legs_100000_pointcloud,LR_Basic_sds_Prune,0.0,0.0,0.0,0.0,0.0,0.0,7.985610864125192e-06,7.985610864125192e-06,8.097264071693644e-06,8.097264071693644e-06,8.135021744237747e-06,8.181755219993647e-06,8.978602636489086e-06,9.380648407386616e-06,1.1738247849280015e-05,1.2500308912422042e-05,1.3264836525195278e-05,1.4049976016394794e-05,1.486022665631026e-05,1.5631454516551457e-05,1.6328556739608757e-05,1.6874670109245926e-05,1.7333451978629455e-05,1.7666803614702076e-05,1.7905304048326798e-05,1.8091886886395514e-05,1.8217599063063972e-05,1.8233227820019238e-05,1.8276969058206305e-05,1.8284135876456276e-05
Chair_100000_colored_pointcloud,LR_Basic_sds_Prune,0.0,0.0,0.0,0.0,0.0,0.0,8.326759598276112e-06,8.326759598276112e-06,8.434957635472529e-06,8.434957635472529e-06,8.499472642142791e-06,8.531081221008208e-06,9.354628673463594e-06,9.756893632584251e-06,1.2143662388552912e-05,1.2954993508174084e-05,1.370769678032957e-05,1.4467360415437724e-05,1.5235464161378331e-05,1.6044596122810617e-05,1.6775929907453246e-05,1.7314754586550407e-05,1.7741456758813e-05,1.807385888241697e-05,1.8299077055417e-05,1.8481990991858765e-05,1.8608761820360087e-05,1.8658534827409312e-05,1.8708895368035883e-05,1.87174191523809e-05
Chair_100000_pointcloud,LR_Basic_sds_Prune,0.0,0.0,0.0,0.0,0.0,0.0,8.37169682199601e-06,8.37169682199601e-06,8.468934538541362e-06,8.468934538541362e-06,8.583682756579947e-06,8.61836269905325e-06,9.413342922925949e-06,9.834858246904332e-06,1.2311593309277669e-05,1.313612847297918e-05,1.3956302609585691e-05,1.4732716408616398e-05,1.5564348359475844e-05,1.642169081605971e-05,1.7125952581409365e-05,1.7659702280070633e-05,1.8056669432553463e-05,1.835085822676774e-05,1.8569317035144195e-05,1.8748454749584198e-05,1.887972030090168e-05,1.879728188214358e-05,1.8849726984626614e-05,1.8861363059841096e-05
DragonOnWall_100000_colored_pointcloud,LR_Basic_sds_Prune,0.0,0.0,0.0,0.0,0.0,0.0,1.1234033991058823e-05,1.1234033991058823e-05,1.149739637185121e-05,1.149739637185121e-05,1.1710840226442087e-05,1.1724479918484576e-05,1.2843269360018894e-05,1.3130934348737355e-05,1.592928310856223e-05,1.6604175471002236e-05,1.7219501387444325e-05,1.7852427845355123e-05,1.846109444159083e-05,1.909267666633241e-05,1.9665490981424227e-05,2.010479147429578e-05,2.0434430552995764e-05,2.0695588318631053e-05,2.089455483655911e-05,2.1056846890132874e-05,2.1173502318561077e-05,2.0925528588122688e-05,2.097604374284856e-05,2.0970343030057847e-05
DragonOnWall_100000_pointcloud,LR_Basic_sds_Prune,0.0,0.0,0.0,0.0,0.0,0.0,1.1113071195723023e-05,1.1113071195723023e-05,1.139046344178496e-05,1.139046344178496e-05,1.1533471479197033e-05,1.1545040251803584e-05,1.2394326404319145e-05,1.266930757992668e-05,1.4926697986084037e-05,1.5561394320684485e-05,1.61493917403277e-05,1.6761421647970565e-05,1.7422558812540956e-05,1.8059861758956686e-05,1.8668513803277165e-05,1.9130691725877114e-05,1.94687963812612e-05,1.9723693185369484e-05,1.9939576304750517e-05,2.0099289031350054e-05,2.0216681150486693e-05,1.988331314350944e-05,1.9937928300350904e-05,1.991651333810296e-05
Elephant_100000_colored_pointcloud,LR_Basic_sds_Prune,0.0,0.0,0.0,0.0,0.0,0.0,1.1938185195958795e-07,1.1938185195958795e-07,1.2071728860973963e-07,1.2071728860973963e-07,1.4232536216240987e-07,2.2666890231448633e-07,9.247930847777752e-07,1.498152528256469e-06,3.7327154132071882e-06,4.8325546231353655e-06,5.7640318118501455e-06,6.7510459302866366e-06,7.704531526542269e-06,8.692215487826616e-06,9.527548172627576e-06,1.0229817235085648e-05,1.0785826816572808e-05,1.1212601748411544e-05,1.1570986316655762e-05,1.1826424270111602e-05,1.2023972885799594e-05,1.200652422994608e-05,1.2079110092599876e-05,1.2092253200535197e-05
Elephant_100000_pointcloud,LR_Basic_sds_Prune,0.0,0.0,0.0,0.0,0.0,0.0,1.2182142938854668e-07,1.2182142938854668e-07,1.2199976140436775e-07,1.2199976140436775e-07,1.4542224846536556e-07,2.2455577664004522e-07,9.254778206013725e-07,1.4891800219629658e-06,3.6499875477602473e-06,4.739328687719535e-06,5.672351107932627e-06,6.5968056333076674e-06,7.495711997762555e-06,8.4551547843148e-06,9.285018677474e-06,9.894821232592221e-06,1.0376230420661159e-05,1.0784451660583727e-05,1.1059428288717754e-05,1.1277434168732725e-05,1.1441122296673711e-05,1.136164428316988e-05,1.1419169823057018e-05,1.1427859135437757e-05
Fountain_100000_colored_pointcloud,LR_Basic_sds_Prune,0.0,0.0,0.0,0.0,0.0,0.0,3.1169402063824236e-05,3.1169402063824236e-05,3.170406125718728e-05,3.170406125718728e-05,3.281409590272233e-05,3.280898818047717e-05,3.5004526580451056e-05,3.532328992150724e-05,3.991759876953438e-05,4.077849007444456e-05,4.16223774664104e-05,4.259857814759016e-05,4.3480944441398606e-05,4.460053241928108e-05,4.545321280602366e-05,4.6166765969246626e-05,4.674644151236862e-05,4.714111128123477e-05,4.7397414164151996e-05,4.760160300065763e-05,4.774278568220325e-05,4.7807287046452984e-05,4.785007331520319e-05,4.78630063298624e-05
Fountain_100000_pointcloud,LR_Basic_sds_Prune,0.0,0.0,0.0,0.0,0.0,0.0,3.090666723437607e-05,3.090666723437607e-05,3.144114452879876e-05,3.144114452879876e-05,3.243471292080358e-05,3.241940794396214e-05,3.467781061772257e-05,3.5014723835047334e-05,3.950152677134611e-05,4.0373219235334545e-05,4.1200339182978496e-05,4.204009019304067e-05,4.30652144132182e-05,4.401500700623728e-05,4.4821172195952386e-05,4.54614928457886e-05,4.593768608174287e-05,4.6267752622952685e-05,4.6504646888934076e-05,4.6680823288625106e-05,4.6778870455455035e-05,4.682665166910738e-05,4.686340253101662e-05,4.6872475650161505e-05
House_100000_colored_pointcloud,LR_Basic_sds_Prune,0.0,0.0,0.0,0.0,0.0,0.0,1.5932002497720532e-05,1.5932002497720532e-05,1.6616701032035053e-05,1.6616701032035053e-05,1.7038584701367654e-05,1.7067182852770202e-05,1.825123581511434e-05,1.8552029359852895e-05,2.0424013200681657e-05,2.0947425582562573e-05,2.1478077542269602e-05,2.202125506300945e-05,2.255510480608791e-05,2.312021388206631e-05,2.3647351554245688e-05,2.4023618607316166e-05,2.42788992181886e-05,2.4488308554282412e-05,2.4615017537144013e-05,2.4736977138672955e-05,2.48163596552331e-05,2.4083195967250504e-05,2.4123814000631683e-05,2.405275881756097e-05
House_100000_pointcloud,LR_Basic_sds_Prune,0.0,0.0,0.0,0.0,0.0,0.0,1.550958404550329e-05,1.550958404550329e-05,1.6408919691457413e-05,1.6408919691457413e-05,1.6816331481095403e-05,1.6843434423208237e-05,1.767085814208258e-05,1.793682349671144e-05,1.95821157831233e-05,2.011234755627811e-05,2.0606712496373802e-05,2.110117748088669e-05,2.1643507352564484e-05,2.218093868577853e-05,2.2629434170085005e-05,2.295696504006628e-05,2.3168038751464337e-05,2.3348364265984856e-05,2.3463524485123344e-05,2.3559212422696874e-05,2.3626342226634733e-05,2.3108155801310204e-05,2.3129266992327757e-05,2.306262103957124e-05
SalingBoat_100000_colored_pointcloud,LR_Basic_sds_Prune,0.0,0.0,0.0,0.0,0.0,0.0,9.641046290198574e-07,9.641046290198574e-07,9.658238013798837e-07,9.658238013798837e-07,1.016247779261903e-06,1.0726082564360695e-06,1.6047063127189176e-06,1.9286455881228903e-06,3.4596052955748746e-06,4.0829631871019956e-06,4.625892870535608e-06,5.2603068070311565e-06,5.849391072842991e-06,6.423078048101161e-06,6.929884875717107e-06,7.307931355171604e-06,7.599434411531547e-06,7.816040124453139e-06,7.983409886946902e-06,8.094899385469034e-06,8.177501513273455e-06,8.026489012991078e-06,8.059814717853442e-06,8.053613782976754e-06
SalingBoat_100000_pointcloud,LR_Basic_sds_Prune,0.0,0.0,0.0,0.0,0.0,0.0,9.788182069314644e-07,9.788182069314644e-07,9.821117146202596e-07,9.821117146202596e-07,1.0315720828657504e-06,1.0935871159745147e-06,1.6201628341150354e-06,1.9240837900724728e-06,3.423518592171604e-06,4.023169822175987e-06,4.545140654954594e-06,5.103695457364665e-06,5.622714525088668e-06,6.176562692417065e-06,6.665765340585494e-06,7.060285497573204e-06,7.348048256972106e-06,7.543425908806967e-06,7.693509360251483e-06,7.814992386556696e-06,7.898943295003846e-06,7.713761988270562e-06,7.751926204946358e-06,7.744842150714248e-06
Sniper_100000_colored_pointcloud,LR_Basic_sds_Prune,0.0,0.0,0.0,0.0,0.0,0.0,0.0,0.0,0.0,0.0,1.5150618537518312e-08,6.573019817324166e-08,4.295672511034354e-07,6.636164471274242e-07,1.5979109093677835e-06,1.9650017293315614e-06,2.3085040083969943e-06,2.6213556338916533e-06,2.9625787192344433e-06,3.2837613161973422e-06,3.5552368444768945e-06,3.7761710700578988e-06,3.932277195417555e-06,4.059410912304884e-06,4.162760433246149e-06,4.232637820678065e-06,4.281565452401992e-06,4.164208803558722e-06,4.1835892261588015e-06,4.178604740445735e-06
Sniper_100000_pointcloud,LR_Basic_sds_Prune,0.0,0.0,0.0,0.0,0.0,0.0,0.0,0.0,0.0,0.0,1.5790876162213863e-08,6.761438697822086e-08,4.233374397699663e-07,6.396951448550681e-07,1.5589005215588259e-06,1.9251215235271957e-06,2.220371015937417e-06,2.4984603896882618e-06,2.7900273380510043e-06,3.0812072964181425e-06,3.344209289934952e-06,3.5170862702216255e-06,3.6574974728864618e-06,3.757057129405439e-06,3.84087525162613e-06,3.901792297256179e-06,3.9425171962648164e-06,3.7778088426421164e-06,3.7955692278046627e-06,3.7868237541260896e-06
Sofa_100000_colored_pointcloud,LR_Basic_sds_Prune,0.0,0.0,0.0,0.0,0.0,0.0,1.1892298061866313e-05,1.1892298061866313e-05,1.2115937352064066e-05,1.2115937352064066e-05,1.2302753930271138e-05,1.2341584806563333e-05,1.320181672781473e-05,1.3629487511934713e-05,1.5997344235074706e-05,1.6832096662255935e-05,1.7609687347430736e-05,1.8391088815405965e-05,1.9217910448787734e-05,2.0058734662598e-05,2.0769168258993886e-05,2.1321848180377856e-05,2.172650783904828e-05,2.203946132794954e-05,2.2275178707786836e-05,2.2425552742788568e-05,2.254855280625634e-05,2.256824154756032e-05,2.260686960653402e-05,2.261485678900499e-05
Sofa_100000_pointcloud,LR_Basic_sds_Prune,0.0,0.0,0.0,0.0,0.0,0.0,1.1852429452119395e-05,1.1852429452119395e-05,1.217317912960425e-05,1.217317912960425e-05,1.2281668205105234e-05,1.2324041563260835e-05,1.3219912943895906e-05,1.3601966202259064e-05,1.6007157682906836e-05,1.6840323951328173e-05,1.7603575543034822e-05,1.8344873751630075e-05,1.9103139493381605e-05,1.9847628209390678e-05,2.051151022897102e-05,2.105059684254229e-05,2.1460422431118786e-05,2.1780408133054152e-05,2.2033720597391948e-05,2.2220021492103115e-05,2.234549720014911e-05,2.2326306861941703e-05,2.2373729734681547e-05,2.2386220734915696e-05
SpaceShipMaybe_100000_colored_pointcloud,LR_Basic_sds_Prune,0.0,0.0,0.0,0.0,0.0,0.0,5.372658961277921e-06,5.372658961277921e-06,5.455259270092938e-06,5.455259270092938e-06,5.539824996958487e-06,5.590406544797588e-06,6.271092388487887e-06,6.662102350674104e-06,8.818938113108743e-06,9.692113962955773e-06,1.0479377124283928e-05,1.132745819631964e-05,1.2190629604447167e-05,1.304633951804135e-05,1.3828965165885165e-05,1.4385211215994786e-05,1.4811749679211061e-05,1.5137849914026447e-05,1.5370624169008806e-05,1.556424831505865e-05,1.5695335605414584e-05,1.5743522453703918e-05,1.5782676200615242e-05,1.5793830243637785e-05
SpaceShipMaybe_100000_pointcloud,LR_Basic_sds_Prune,0.0,0.0,0.0,0.0,0.0,0.0,5.48500338481972e-06,5.48500338481972e-06,5.5486698329332285e-06,5.5486698329332285e-06,5.665795470122248e-06,5.719825821870472e-06,6.435861905629281e-06,6.845230018370785e-06,9.039114956976846e-06,9.892235539155081e-06,1.0764329090307001e-05,1.1594573152251542e-05,1.238769618794322e-05,1.3244727597339079e-05,1.39685162139358e-05,1.4529372492688708e-05,1.4939305401640013e-05,1.525277184555307e-05,1.549697481095791e-05,1.5686209735576995e-05,1.581073047418613e-05,1.5873132724664174e-05,1.5913336028461345e-05,1.5925021216389723e-05
Tree_100000_colored_pointcloud,LR_Basic_sds_Prune,0.0,0.0,0.0,0.0,0.0,0.0,1.3457076875056373e-06,1.3457076875056373e-06,1.3497690360964043e-06,1.3497690360964043e-06,1.370972313452512e-06,1.4449025229623658e-06,2.154400135623291e-06,2.672076789167477e-06,5.053238055552356e-06,6.12462008575676e-06,7.105425993358949e-06,8.130795322358608e-06,9.28392637433717e-06,1.0444158760947175e-05,1.1425914635765366e-05,1.2239885109011084e-05,1.2874363164883107e-05,1.3349425898923073e-05,1.3714581655221991e-05,1.3980117728351615e-05,1.4170525901135989e-05,1.4197858035913669e-05,1.426532253390178e-05,1.4282460142567288e-05
Tree_100000_pointcloud,LR_Basic_sds_Prune,0.0,0.0,0.0,0.0,0.0,0.0,1.5207422165985918e-06,1.5207422165985918e-06,1.5302504152714391e-06,1.5302504152714391e-06,1.5513419384660665e-06,1.6284832327073673e-06,2.349143414903665e-06,2.836553221641225e-06,5.219926606514491e-06,6.251834747672547e-06,7.25058725947747e-06,8.26577434054343e-06,9.332095032732468e-06,1.0390547686256468e-05,1.137356048275251e-05,1.2048875760228839e-05,1.260931821889244e-05,1.3052313988737296e-05,1.338079891866073e-05,1.3653861060447525e-05,1.3851398762199096e-05,1.3911152564105578e-05,1.3968667190056294e-05,1.3987615602673031e-05
Truck_100000_colored_pointcloud,LR_Basic_sds_Prune,0.0,0.0,0.0,0.0,0.0,0.0,1.158444888460508e-06,1.158444888460508e-06,1.1643367088254308e-06,1.1643367088254308e-06,1.17663012133562e-06,1.2380240832499112e-06,1.8772045677906135e-06,2.2753886241844157e-06,4.149676442466443e-06,4.905461082671536e-06,5.5754890126991086e-06,6.246309567359276e-06,6.924478839209769e-06,7.63660682423506e-06,8.258568414021283e-06,8.73235421749996e-06,9.039875294547528e-06,9.31668091652682e-06,9.506438800599426e-06,9.654439054429531e-06,9.742301699589007e-06,9.760320608620532e-06,9.792548553377856e-06,9.801674423215445e-06
Truck_100000_pointcloud,LR_Basic_sds_Prune,0.0,0.0,0.0,0.0,0.0,0.0,1.2321975191298407e-06,1.2321975191298407e-06,1.2352730891507235e-06,1.2352730891507235e-06,1.2633314554477693e-06,1.3204685274104122e-06,1.9152232653141255e-06,2.2868180167279206e-06,4.0454333429806866e-06,4.76071772936848e-06,5.383294592320453e-06,6.0211332311155275e-06,6.661181032541208e-06,7.303954134840751e-06,7.857468517613597e-06,8.266955774161033e-06,8.564713425585069e-06,8.807344784145243e-06,8.994114068627823e-06,9.122271876549348e-06,9.218510967912152e-06,9.247248272004072e-06,9.278594006900676e-06,9.287401553592645e-06
Waly_100000_colored_pointcloud,LR_Basic_sds_Prune,0.0,0.0,0.0,0.0,0.0,0.0,1.61731422849698e-05,1.61731422849698e-05,1.6576883353991434e-05,1.6576883353991434e-05,1.678899207036011e-05,1.6802028767415322e-05,1.8026137695414945e-05,1.843093559728004e-05,2.1741790988016874e-05,2.2836995412944816e-05,2.384031904512085e-05,2.4818469682941213e-05,2.5842635295703076e-05,2.6951925974572077e-05,2.7859034162247553e-05,2.8502297936938703e-05,2.8939837648067623e-05,2.9288858058862388e-05,2.9560060283984058e-05,2.9768129024887457e-05,2.99104031000752e-05,2.9941978937131353e-05,2.9990325856488198e-05,3.000377728312742e-05
Waly_100000_pointcloud,LR_Basic_sds_Prune,0.0,0.0,0.0,0.0,0.0,0.0,1.6036508895922452e-05,1.6036508895922452e-05,1.641496055526659e-05,1.641496055526659e-05,1.6580383089603856e-05,1.6586476704105735e-05,1.770380731613841e-05,1.8086922864313237e-05,2.1276238840073347e-05,2.223090996267274e-05,2.316718928341288e-05,2.411336754448712e-05,2.5096855097217485e-05,2.6042907848022878e-05,2.693523492780514e-05,2.76782284345245e-05,2.8148402634542435e-05,2.854160084098112e-05,2.882470471377019e-05,2.9025528419879265e-05,2.917093843279872e-05,2.9223323508631438e-05,2.927064269897528e-05,2.9285029086167924e-05
